video_id,ground_truth,llm_prediction,slm_prediction,llm_correct,slm_correct,llm_reasoning_short,test_video_title,test_video_description
7035112768273517828,假,真,假,False,True,"1. 小模型判断的合理性分析：小模型判断当前视频为假新闻，可能基于其在大规模数据集上的表现。然而，模型的判断并不一定准确，尤其是在特定内容的上下文中。  

2. 视觉内容特征分析：视频展示了秦岭地区候鸟迁徙的场景，强调了自然与鸟类的和谐关系。视觉内容与描述一致，且没有明显的伪造或误导性元素。  

3. 与参考真新闻的相似性分析：当前视频与参考真新闻在内容主题上相似，均涉及鸟类和自然环境的关系，...",千年迁徙鸟道,视频展示了秦岭地区千年鸟道上候鸟迁徙的壮观场景。通过不同的镜头，观众可以看到鸟类在自然环境中的活动，以及它们在迁徙过程中的美丽景象。视频强调了自然与鸟类之间的和谐关系，呼吁人们保护自然和鸟类。
7031123988202016039,假,真,假,False,True,"1. 小模型判断的合理性分析：小模型判断当前视频为假新闻，可能基于其训练数据和特征提取能力。然而，模型的判断并不总是准确，尤其在涉及人类情感和行为的内容时。  

2. 视觉内容特征分析：视频展示了一位50岁的大叔在酒店中跳舞，表现出积极向上的生活态度。视频中的舞蹈动作逐渐流畅，表情愉悦，符合人们在困境中寻求自我娱乐和释放压力的常见行为。  

3. 与参考真新闻的相似性分析：参考真新闻涉及游客因...",#特斯河之赞 50岁大叔滞留在额济纳旗26天了#抖音小助手  #请开始你的表演 #舞出美丽舞出健康,这个视频展示了一位50岁的大叔在额济纳旗的酒店中自娱自乐，因滞留26天而感到无聊。他通过跳舞来释放压力，展现了积极向上的生活态度。视频中，他在房间里随着音乐舞动，传递出快乐和健康的生活理念。
7033613488576679168,假,真,假,False,True,在分析当前视频时，我们首先考虑小模型的判断结果为假，且其在大规模数据集上的表现良好，具有一定的参考价值。然而，视频内容涉及燃气灶的安全使用方法，强调阀门的正确操作，符合常识。视频中展示了错误操作的后果和正确的操作步骤，具有教育意义。与参考的真新闻相比，当前视频同样关注安全隐患，且内容逻辑性强，时间演变清晰。与参考假新闻相比，当前视频没有夸大或不合理的情节，且没有涉及不实信息或虚构事件。因此，尽管小...,"沈阳大爆炸，炸出了科普。爆炸原因是因为向右拧动阀门，以用小火 ，造成外圈漏气，引起爆炸。请一定要向左拧小火，才是安全的。
      在这个问题上，很多人的做法一直是错误的，真是太可怕了。现将视屏发给大家，一定一定要认真看，彻底改过来！",该视频讲述了燃气灶的安全使用方法，特别强调了阀门的正确操作。视频中指出，许多人习惯性地将阀门向右拧以调小火力，这样的做法是错误的，可能导致漏气和爆炸。正确的方法是逆时针拧动阀门，确保安全使用燃气灶。
7049581887957896480,假,真,假,False,True,"1. 小模型判断的合理性分析：小模型判断当前视频为假新闻，可能基于其训练数据中类似内容的表现。虽然小模型的准确率较高，但其判断并不一定绝对可靠。  
2. 视觉内容特征分析：视频展示了市民使用骡马运送物资的场景，符合疫情期间人们团结互助的主题。画面中骡马背负货物，且有工作人员参与，显示出传统运输方式的应用。  
3. 与参考真新闻的相似性分析：当前视频与真新闻的相似性在于都涉及疫情期间的社会行为，...",,该视频展示了市民使用骡马运送物资的场景，反映了在疫情期间社区居民的团结与互助。视频中，骡马背负着货物，穿行于街道，体现了传统运输方式在现代社会中的应用。视频还提到相关部门对信息的澄清，强调了物资运输的真实性。
7034840731491634446,假,真,假,False,True,在分析当前视频的内容时，我们可以从多个角度进行推理。首先，小模型的判断结果为假，表明其在大规模数据集上表现良好，具有一定的参考价值。然而，单凭小模型的判断并不足以推翻或确认视频的真实性。其次，视频的标题和描述提到了一家四口报名学习制作卤鹅，并强调可以获得1700元的补贴，这在一定程度上符合当前社会对技能培训和补贴政策的关注。视觉内容展示了制作卤鹅的具体步骤，且气氛轻松愉快，符合家庭聚餐的场景，似乎...,没有一只鹅可以离开深圳！我们一家4口全部都报名了！#深圳掀起学做卤鹅热潮 #跟喵师奶学嘢 #卤鹅 ,视频展示了一家四口报名学习制作卤鹅的过程，强调通过学习可以获得1700元的补贴。视频中包含了制作卤鹅的步骤，从准备食材到烹饪完成，最后展示了全家人享用美食的场景，气氛轻松愉快。
7017259392332549390,假,真,假,False,True,1. 小模型判断的合理性分析：小模型判断当前视频为假新闻，但其判断依据可能不足以全面考虑所有信息。2. 视觉内容特征分析：视频展示了珠海在暴雨后的严重积水情况，街道被淹没，车辆部分沉没，行人撑伞在水中行走，符合暴雨后的常见景象。3. 与参考真新闻的相似性分析：当前视频与2020年上海暴雨的真新闻在内容上有相似之处，均展示了暴雨造成的城市积水情况，且都包含行人和车辆的受影响场景。4. 与参考假新闻的...,#珠海一夜暴雨 这二天的狂风暴雨，珠海又成了水城@#台风来了,该视频展示了珠海在一夜暴雨后的景象，街道被淹没，车辆部分沉没在水中，行人撑着雨伞在水中行走，整个城市显得如同水城。视频通过不同的镜头展示了暴雨造成的严重积水情况。
7054857378411400456,真,真,假,True,False,"1. 小模型判断的合理性分析：小模型判断当前视频为假新闻，可能基于其训练数据中类似内容的表现。虽然小模型的准确率较高，但并不绝对。  
2. 视觉内容特征分析：视频中展示了科学实验的画面，且有研究人员的讲解，增加了内容的可信度。  
3. 与参考真新闻的相似性分析：当前视频与参考真新闻在主题上高度一致，均提到茶水对新冠病毒的影响，且都强调了科学研究的结果。  
4. 与参考假新闻的相似性分析：当前...",新研究发现，茶水能杀死99.9%的新冠病毒#上热门🔥 #生命科学 #涨知识 ,视频介绍了一项新研究，发现茶水中的EGCG分子能够有效杀灭99.9%的新冠病毒，并阐述了其与新冠病毒S蛋白的结合机制，建议在疫情期间多喝茶水以增强保护作用。
7029482339818392863,假,真,假,False,True,"1. 小模型判断的合理性分析：小模型判断当前视频为假，可能是基于其训练数据中类似内容的表现。虽然小模型的准确率较高，但仍需结合其他信息进行综合判断。  
2. 视觉内容特征分析：当前视频展示了一架飞机在起飞过程中出现故障，地面车辆进行应急救援，整体内容强调紧急情况和救援过程。与参考假新闻相比，当前视频更具真实感和紧迫感。  
3. 与参考真新闻的相似性分析：当前视频的关键词与参考真新闻相同，且都涉...",日产皮卡就是牛👍️,该视频展示了一架飞机在起飞过程中出现故障，无法正常起飞。视频通过多个镜头呈现了飞机的紧急情况，以及地面车辆的反应，强调了应急救援的重要性。整个视频通过紧张的音效和画面，传达了紧迫感和危机处理的必要性。
7025213002756394276,假,假,真,True,False,"1. 小模型判断的合理性分析：小模型判断该视频为真，基于其在大规模数据集上的良好表现，可能是一个合理的初步判断。然而，模型的判断并不能替代深入的内容分析。  

2. 视觉内容特征分析：视频中展示了一名外籍男子在地铁上进行不当行为，周围乘客对此表示关注。该行为引起了拍摄者的注意，并在网络上引发讨论。视频的内容与公共交通的安全和礼仪相关，符合社会关注的热点。  

3. 与参考真新闻的相似性分析：参...",这就是证据。军运会美国人故意把病毒传到中国的证据。,该视频展示了一名外籍男子在香港地铁上进行不当行为，引起了周围乘客的关注和拍摄。视频中提到该男子的行为被认为是恶作剧，并引发了网络讨论。最后，视频强调了公共交通工具上应保持的安全和礼仪。
7048879953420569893,假,真,假,False,True,"1. 小模型判断的合理性分析：小模型判断当前视频为假新闻，但没有提供具体的理由。需要进一步分析视频内容与参考新闻的相似性和可信度。  
2. 视觉内容特征分析：视频展示了群众自发组织骡马队向社区防疫人员送物资的场景，画面中有骡马和市民，符合描述中的关键词和主题。  
3. 与参考真新闻的相似性分析：当前视频与参考真新闻在主题上有相似之处，均涉及疫情期间的社区互助和团结精神，且都展示了具体的行动（送...",1月2日，陕西商洛，群众自发组织骡马队，给社区防疫人员送物资，这就是团结的中国人！#感动 #全民抗疫 ,视频展示了陕西商洛的群众自发组织骡马队，向社区防疫人员送去物资的感人场景。市民们通过骡马运输物资，体现了团结和互助的精神，传递了在抗击疫情中的温暖与支持。
7034350483309399309,假,真,假,False,True,"1. 小模型判断的合理性分析：小模型判断该视频为假，可能基于其训练数据中类似内容的表现。虽然小模型的准确率较高，但仍需结合其他信息进行综合判断。  
2. 视觉内容特征分析：视频展示了小女孩在地震中被救的场景以及她与救她的军人结婚的画面，情感表达较为强烈，符合感人故事的特征。  
3. 与参考真新闻的相似性分析：参考真新闻讲述了真实事件的救援故事，强调了人性与感恩，当前视频也围绕救援与爱情展开，情...",十年前地震中被救的小女孩，嫁给了救她的兵哥哥，十年前你救我一命，十年后我以身相许。(感恩),这个视频讲述了一位在十年前汶川地震中被救的小女孩，十年后与救她的军人结为夫妻的感人故事。视频通过回忆与婚礼的画面，展现了他们之间深厚的情感和感恩之情，表达了对生命与爱的珍视。
7019796409754881316,假,真,假,False,True,"1. 小模型判断的合理性分析：小模型判断当前视频为假新闻，但其判断依据可能未考虑到视频内容的具体细节和背景。小模型的准确率虽然高，但在特定情况下可能会出现误判。  

2. 视觉内容特征分析：视频中展示了考拉在火灾中的困境、救治过程以及部分考拉恢复的画面，这些内容与澳洲大火对考拉的影响密切相关，符合生态保护的主题。  

3. 与参考真新闻的相似性分析：当前视频与2020年真新闻的主题相似，均涉及...",澳洲大火被救的小考拉现在怎么样了？数万只考拉葬生火海… #万物皆有灵性 #动物世界 #保护动物 #考拉 ,视频讲述了澳洲大火对考拉的影响。一些考拉在火灾中受伤，经过救治后恢复健康并重返自然，但也有许多考拉因伤重被安乐死。视频强调了大火导致的生态危机，呼吁人们珍惜地球和保护动物。
7029590123297754371,真,假,真,False,True,"1. 小模型判断的合理性分析：小模型判断当前视频为真，基于其在大规模数据集上的表现，虽然有一定的参考价值，但不能完全依赖。  
2. 视觉内容特征分析：视频内容展示了鸡翅的特写、男子举枪的画面以及警察的到来，符合描述中提到的事件发展。  
3. 与参考真新闻的相似性分析：当前视频与参考真新闻在事件的严重性和社会反响上有相似之处，但事件的性质和背景不同。  
4. 与参考假新闻的相似性分析：当前视频...",#男子因鸡翅不合口举枪向父亲射击，被控非法开枪及谋杀未遂。,视频讲述了一名男子因父亲带回的鸡翅不合口味而向父亲举枪射击的事件，男子因此被控非法开枪及谋杀未遂。
7027662208859393313,假,真,假,False,True,在分析当前视频的信息时，首先考虑小模型的判断结果为假，然而我们需要深入分析其合理性。小模型的判断基于大规模数据集的表现，但并不一定能准确反映每个具体案例。接下来，视频的内容描述显示洒水车在雨天努力工作，清理路面积水，符合劳动人民辛勤工作的主题。与参考的真新闻相比，当前视频在关键词和主题上高度一致，且描述中提到的时间演变与真新闻的内容相似，均展示了洒水车在雨天的工作状态。与假新闻的对比中，假新闻强调...,天下着雨，洒水车还在辛苦工作中，劳动人民最可爱！！！,视频展示了在雨天，洒水车仍在努力工作，清理路面积水。尽管天气恶劣，洒水车的工作状态展现了劳动人民的辛勤与奉献精神。视频通过不同的镜头捕捉了洒水车的移动和喷洒水流的过程，传达了对劳动者的赞美。
7039513583717272863,假,真,假,False,True,"1. 小模型判断的合理性分析：小模型判断当前视频为假新闻，可能基于其在大规模数据集上的表现。然而，模型的判断并不一定准确，尤其是在涉及具体内容的情况下。  

2. 视觉内容特征分析：当前视频展示了一位74岁的奶奶与孙子共同表演舞蹈，描述中提到的舞姿绚丽多彩，符合视频内容的描述。视频中的舞蹈动作复杂且富有感染力，符合描述中提到的深厚默契。  

3. 与参考真新闻的相似性分析：参考真新闻中提到的公...",#祖孙舞者、奶奶74岁了和孙子配合的那么好、散犮着青春的气息、不由得让人们所赞叹给人们一种美的享受,这个视频展示了一位74岁的奶奶与她的孙子共同表演舞蹈，二人通过绚丽多彩的舞姿展现了深厚的默契和青春的气息。舞蹈中，奶奶的优雅与孙子的活力相结合，给观众带来了美的享受，令人赞叹不已。
7017986654732340521,假,真,假,False,True,"1. 小模型判断的合理性分析：小模型判断该视频为假新闻，可能基于其在大规模数据集上的表现和对内容的分析。然而，模型的判断并不一定准确，尤其是在缺乏上下文的情况下。  

2. 视觉内容特征分析：视频展示了一名男子在家中积水的情况下吃饭，水位较高，且男子表现出淡定的态度。这种情境在某些地区可能是常见的，尤其是在洪水或暴雨后。  

3. 与参考真新闻的相似性分析：参考真新闻中，外卖小哥的情绪反应和困...",吃的就是心态！男子家中积水仍淡定吃饭…#一般人驾驭不了 #心态很重要,这个视频展示了一位广东男子在家中积水的情况下，依然淡定地吃饭。他表示每年都会经历这样的情况，因此已经习惯了。他的态度传达了面对困境时保持积极心态的重要性。
7019625163473865996,假,未知,假,False,True,"1. 小模型判断的合理性分析：小模型判断当前视频为假新闻，可能基于其在大规模数据集上的表现。然而，模型的判断并不一定准确，尤其是在面对特定事件时。  
2. 视觉内容特征分析：视频展示了小石块从天而降的场景，造成了周围环境的混乱，这与描述中的石头雨现象相符。  
3. 与参考真新闻的相似性分析：参考真新闻涉及意大利的疫情情况，虽然主题不同，但都涉及到意大利的重大事件，且都强调了自然或社会现象的严重...",,该视频展示了意大利罗马经历了一场前所未见的石头雨，记录了这一极端天气现象的发生。视频中可以看到小石块从天而降，造成了不小的混乱，提醒人们关注自然灾害的不可预测性和对环境保护的重要性。
7042505949998828815,假,真,假,False,True,"1. 小模型判断的合理性分析：小模型判断当前视频为假新闻，可能基于其在大规模数据集上的表现。然而，模型的判断并不一定准确，尤其是在特定内容的上下文中。  

2. 视觉内容特征分析：当前视频展示了秦岭地区候鸟迁徙的场景，画面中有成群的鸟飞翔，符合自然现象的描述。视频的视觉效果与描述一致，且没有明显的伪造痕迹。  

3. 与参考真新闻的相似性分析：参考真新闻涉及环保造假，与当前视频的内容无直接关联...",#壮观 ,该视频展示了秦岭地区的候鸟迁徙场景，画面中可以看到成群的鸟在空中飞翔，伴随着自然美景的背景，营造出壮观的视觉效果。音频中有人对鸟群的数量和飞行状态表达惊叹，展现了对自然现象的赞美。
7027611337324858659,假,真,假,False,True,在分析当前视频时，我们首先考虑小模型的判断结果为假，然而我们需要深入探讨其合理性。小模型的判断基于大规模数据集的表现，但并未提供具体的上下文或内容分析。接下来，视频内容主要围绕燃气灶的安全使用方法，强调阀门的正确操作，尤其是逆时针旋转以降低火力，避免漏气和爆炸的危险。视觉内容展示了阀门的操作和相关的安全知识，符合常识。与参考的真新闻相比，当前视频同样强调了安全隐患，且内容具有教育意义。与假新闻的对...,"沈阳大爆炸，炸出了科普。爆炸原因是因为向右拧动阀门，以用小火 ，造成外圈漏气，引起爆炸。请一定要向左拧小火，才是安全的。
      在这个问题上很多人的做法一直是错误的，真是太可怕了。现将视屏发给你们，一定一定要认真看，彻底改过来！",该视频讲述了燃气灶的安全使用方法，特别是阀门的正确操作。视频强调了在调节火力时，应该逆时针旋转阀门以降低火力，而不是顺时针旋转，这样可以避免漏气和爆炸的危险。通过示范和解释，提醒观众注意安全。
7040267067081133326,真,真,假,True,False,"1. 小模型判断的合理性分析：小模型判断当前视频为假，可能基于其训练数据和特征提取能力。然而，模型的判断并不一定准确，尤其是在涉及具体事件的情况下。  
2. 视觉内容特征分析：视频展示了一个人在车内讲话，内容围绕着宁波镇海警方为隔离家庭送奶粉的事件，整体氛围温暖，符合社区互助的主题。  
3. 与参考真新闻的相似性分析：当前视频与2019年真新闻的相似之处在于都涉及到社会关怀和社区支持的主题，且...",暖心！封闭区的宝宝要喝奶，#宁波镇海 民警霸气接单！#大v快评 #民警给封闭区宝宝送奶粉,视频讲述了宁波镇海警方在疫情期间帮助一位隔离母亲送奶粉的暖心故事，展现了社区互助的精神和温暖的传递。
7042982526268362015,真,真,假,True,False,"在分析当前视频与小模型的判断、视觉内容、参考新闻等信息后，可以得出以下结论：

1. **小模型判断的合理性分析**：小模型判断当前视频为假新闻，可能基于其在大规模数据集上的表现。然而，单一模型的判断并不一定准确，需结合更多信息进行综合分析。

2. **视觉内容特征分析**：视频展示了双胞胎姐妹与亲兄弟的婚礼场景，且姐妹和兄弟们穿着相同的服装，场面壮观。这种场景在中国文化中并不罕见，尤其是在婚礼...",,视频展示了河南郑州的一对双胞胎姐妹同一天嫁给了亲兄弟的婚礼场景，姐妹和兄弟们都穿着相同的服装，场面壮观，吸引了网友的关注与羡慕。
7030659592841334053,假,真,假,False,True,1. 小模型判断的合理性分析：小模型判断该视频为假，可能基于其在大规模数据集上的表现，但未必能准确判断特定事件的真实性。2. 视觉内容特征分析：视频通过对比过去和现在的画面，展现了情感的变化，符合真实故事的叙述方式。3. 与参考真新闻的相似性分析：当前视频与真新闻的情感表达和故事结构相似，均涉及救援和人际关系的深厚情感。4. 与参考假新闻的相似性分析：假新闻通常包含夸张或虚构的情节，而当前视频的叙...,缘分！汶川地震被救女孩十年后嫁给了救她的兵哥哥，你救我一命，我呵护你一生。#求佛新版 #能不能再见面 ,这个视频讲述了一名在汶川地震中被救的女孩，十年后与救她的军人结婚的故事。视频通过对比过去和现在的画面，展现了他们之间的深厚情感，表达了‘你救我一命，我呵护你一生’的主题。
7034473142282095904,假,真,假,False,True,"1. 小模型判断的合理性分析：小模型判断当前视频为假新闻，可能基于其对气候变化和极端天气现象的理解。虽然小模型的准确率较高，但并不一定能完全捕捉到视频内容的复杂性。  

2. 视觉内容特征分析：视频展示了极端寒冷的冬季场景和全球范围内的极端天气事件，符合描述中提到的气候变化现象。视觉内容与气候变化的主题一致，且没有明显的虚假成分。  

3. 与参考真新闻的相似性分析：当前视频与参考真新闻在内容...",#铭记历史 #大国文化 ,视频探讨了2021年全球气候变化的极端天气现象，包括洪水、干旱和寒冬，强调了拉尼娜现象对中国冬季气候的影响。视频还回顾了历史上的冰河时期，讨论了气候变化的周期性和对人类的潜在威胁。
7034118132620971303,假,真,假,False,True,1. 小模型判断的合理性分析：小模型判断该视频为假新闻，可能基于其在大规模数据集上的表现，但未必能准确判断特定内容的真实性。2. 视觉内容特征分析：视频展示了卤鹅的制作过程和申请补贴的具体步骤，内容较为详细且与标题一致，未见明显的虚假信息。3. 与参考真新闻的相似性分析：当前视频与真新闻的相似性较低，真新闻涉及医疗费用，而当前视频涉及职业技能补贴，主题不同。4. 与参考假新闻的相似性分析：当前视频...,深圳好福利，1700的职业技能鉴定补贴免费领。最后一期了，30号截止，深圳的亲们冲鸭！#深圳补贴#卤鹅#潮汕卤鹅 ,这个视频介绍了深圳的一项职业技能鉴定补贴政策，观众可以通过学习卤鹅制作来获得1700元的补贴。视频强调了申请的截止日期为11月30日，并展示了申请流程和相关网页信息，鼓励深圳的居民积极参与。
7048461958416305448,真,真,假,True,False,"1. 小模型判断的合理性分析：小模型判断当前视频为假新闻，可能基于其在大规模数据集上的表现。然而，模型的判断并不一定准确，尤其在缺乏上下文的情况下。  

2. 视觉内容特征分析：视频展示了防疫人员在小区内喷洒消毒液的过程，画面中可以看到防疫人员穿着防护服，喷洒消毒液的情景与疫情防控相关，符合当时的公共卫生措施。  

3. 与参考真新闻的相似性分析：当前视频与2021年1月8日的真新闻在内容上高...",陕西西安：防疫人员小区喷洒消毒剂的气势，像给三轮车装了喷气发动机！@东东画个画 ,该视频展示了陕西西安的防疫人员在小区内喷洒高浓度消毒液的过程，表现出他们的工作气势和效率，给人一种强烈的视觉冲击。视频中使用了背景音乐，增强了整体氛围。
3xvvv5qkks2p7ba,假,真,假,False,True,"综合考虑小模型的判断、视频内容、参考新闻等信息，以下是详细分析：

1. **小模型判断的合理性分析**：小模型判断当前视频为假新闻，可能基于其在大规模数据集上的表现。然而，模型的判断并不总是准确，尤其在处理幽默或非典型事件时。

2. **视觉内容特征分析**：视频展示了一名男子因风将衣服吹落，使用大闸蟹吊下去取回衣服的过程。整个过程充满幽默感，且没有明显的恶意或误导性内容，符合日常生活中的趣事...",男子居家隔离时，衣服被吹到楼下，结果吊一只大闸蟹下去拿衣服,视频展示了一名男子在居家隔离期间，因风将衣服吹落到楼下。他决定用一只大闸蟹吊下去取回衣服，整个过程充满了幽默和意外。最终，男子成功地将衣服捞回，展现了他的创意和幽默感。
7048919632329067810,假,真,假,False,True,"1. 小模型判断的合理性分析：小模型判断当前视频为假新闻，可能基于其在大规模数据集上的表现和对内容的分析。小模型可能识别出视频中存在的质疑和争议性内容，认为其不够可信。  

2. 视觉内容特征分析：视频中展示了市民用骡子运送抗疫物资的场景，虽然有人质疑这种方式的效率，但视频强调了社区互助的精神。视觉内容的真实性需要结合背景信息进行判断。  

3. 与参考真新闻的相似性分析：当前视频与参考真新闻...",#陕西商洛群众拉骡子运送抗疫物资 是哗众取宠？还是诚意满满？#大v快评 #西安战疫帮忙求助入口 ,视频讨论了陕西商洛地区市民使用骡子运送抗疫物资的事件。尽管有人质疑这种方式效率低下，但马帮成员表示这是为了帮助社区，体现了互助精神。视频中提到马帮自发筹集物资，强调了在疫情期间邻里之间的支持与团结。
7045264001541917966,假,真,假,False,True,"1. 小模型判断的合理性分析：小模型判断当前视频为假新闻，可能基于其在大规模数据集上的表现。然而，模型的判断并不一定准确，尤其是在涉及具体事件或表演的情况下。  

2. 视觉内容特征分析：当前视频展示了祖孙二人共同表演舞蹈，符合标题和描述中的关键词。视频中的舞蹈动作流畅且富有表现力，观众反应热烈，符合描述中的情感传递。  

3. 与参考真新闻的相似性分析：参考真新闻中提到的老太太与交警的互动展...",七十四岁老奶奶，身轻如燕上舞台，祖孙二人展技艺，全场观众齐喝彩。,这段视频展示了一位74岁的老奶奶与她的孙子在舞台上共同表演的精彩舞蹈。祖孙二人通过绚丽多彩的舞姿，展现了深厚的情感和默契，赢得了全场观众的热烈喝彩。舞蹈中充满了活力与激情，传递了生命的无限可能。
3x6d7bq2f8dc95u,假,真,假,False,True,在分析当前视频时，我们首先考虑小模型的判断结果为假，这一判断基于其在大规模数据集上的表现。然而，单凭小模型的判断并不足以完全推翻视频的真实性。接下来，我们分析视频内容：视频描述了一名两岁男孩被隔离的情景，母亲的情感表现非常强烈，展现了隔离对家庭的影响。这种情感的表达与真实的家庭经历相符，可能引起观众的共鸣。与参考的真新闻相比，当前视频在情感表达上有相似之处，均涉及家庭成员之间的深厚情感和痛苦经历。..., @陕北说书朱晓玲(O3xkbqwbyyvm7k52) 的精彩视频,视频讲述了一名两岁男孩被隔离的情景，展现了他母亲目送孩子离去时的心痛与无奈。孩子在工作人员的引导下逐渐远离母亲，母亲忍住悲伤，但在孩子回头说再见时，她无法再压抑内心的痛苦，冲向孩子却被工作人员阻止，传达了隔离对家庭的巨大影响。
7021444066311179560,真,真,假,True,False,1. 小模型判断的合理性分析：小模型判断该视频为假新闻，可能基于其在大规模数据集上的表现，然而没有提供具体的证据或理由。2. 视觉内容特征分析：视频中的复合帧显示了关于白菜价格的信息，且内容一致，未见明显的剪辑或伪造痕迹。3. 与参考真新闻的相似性分析：当前视频与真新闻的相似性在于都涉及了民众对价格的关注和政府的呼吁，反映了社会问题。4. 与参考假新闻的相似性分析：当前视频与假新闻的相似性较低，假...,,视频讨论了甘肃省嘉峪关市的白菜价格，指出一颗白菜的售价为38.6元，市民对此表示关注，希望政府能够采取措施解决这一问题。
3x6y3jhyehykdz6,假,真,假,False,True,"1. 小模型判断的合理性分析：小模型判断当前视频为假新闻，可能基于其在大规模数据集上的表现和对内容的分析。然而，模型的判断并不一定准确，需结合其他信息进行综合评估。

2. 视觉内容特征分析：视频展示了母亲与孩子的情感分离，情感表达强烈，符合真实的亲子关系场景。视频中的工作人员穿着防护服，暗示可能与疫情相关的隔离措施，这在现实中是可能发生的。

3. 与参考真新闻的相似性分析：当前视频与参考真新闻...", @陕北爱好说书(O3xgfawy2pfvxu2i) 的精彩视频,视频讲述了一位母亲与她两岁儿子被隔离的痛苦时刻。母亲眼睁睁看着孩子被工作人员带走，心中满是无奈与心痛。当孩子回头说‘妈妈，我走了’时，母亲无法抑制自己的情感，冲向孩子却被工作人员阻止，展现了母爱的无奈与悲伤。
7045640507996916992,真,真,假,True,False,"1. 小模型判断的合理性分析：小模型判断当前视频为假新闻，可能基于其训练数据中类似事件的处理方式。然而，模型的判断并不一定准确，尤其是在涉及特定文化和社会习俗的情况下。  

2. 视觉内容特征分析：视频展示了双胞胎姐妹与亲兄弟的婚礼场景，服装、场地和氛围都符合传统婚礼的特点，且场面壮观，符合描述中的关键词。  

3. 与参考真新闻的相似性分析：参考真新闻涉及婚礼和社会事件，且有真实的社会背景，...",#婚礼现场 #婚礼,视频展示了在河南郑州举行的一场特殊婚礼，双胞胎姐妹同一天嫁给亲兄弟，双方穿着相同的服装和发型，场面壮观，吸引了众多网友的关注与羡慕。
7042654809836621071,假,真,假,False,True,"1. 小模型判断的合理性分析：小模型判断当前视频为假新闻，可能基于其训练数据中类似事件的特征和模式。虽然小模型的准确率较高，但仍需结合其他信息进行综合判断。  
2. 视觉内容特征分析：视频的复合帧展示了汶川地震的背景、小女孩的成长过程以及她与兵哥哥的重聚和婚礼场景，整体内容呈现出一种积极向上的情感，符合真实故事的叙述风格。  
3. 与参考真新闻的相似性分析：当前视频与参考真新闻在情感表达和叙事...",##喜结良缘，真足缘分…,视频讲述了一位汶川地震中被救的小女孩，长大后实现了与救她的兵哥哥结婚的诺言。视频回顾了她与兵哥哥的相遇和成长过程，表达了对他们爱情的祝福。
3x56fqqqan35vtk,真,真,假,True,False,"1. 小模型判断的合理性分析：小模型判断当前视频为假新闻，可能基于其在大规模数据集上的表现。然而，模型的判断并不一定准确，尤其是在特定情境下。  

2. 视觉内容特征分析：视频展示了一位居民利用大闸蟹从阳台吊取衣服的过程，整体内容充满创意和幽默感。视觉上没有明显的伪造或不合逻辑的元素。  

3. 与参考真新闻的相似性分析：当前视频与参考真新闻在内容上有一定的相似性，都是围绕居民生活中的小事件展...",#杭州居民用大闸蟹吊取衣服 网友：蟹天蟹地！,视频展示了一位杭州市民在居家隔离期间，利用大闸蟹从阳台吊取掉落的衣服，展现了创意和幽默的生活场景。
7030642279803079973,假,真,假,False,True,"综合考虑小模型的判断、视频内容、参考新闻等信息，以下是详细分析：

1. **小模型判断的合理性分析**：小模型判断当前视频为假新闻，可能基于其在大规模数据集上的表现。然而，模型的判断并不一定准确，尤其在面对具体案例时。

2. **视觉内容特征分析**：视频中的复合帧展示了主角的生活状态、与朋友的互动以及逐渐适应外卖工作的过程。这些内容与描述中的经济压力和年轻人的奋斗相符，视觉上呈现出一种积极向...",#美团外卖 #骑手小哥 在我眼里你会发光,这个视频讲述了一位硕士研究生因经济压力选择送外卖的故事。尽管面临困境，他通过实际行动来改变生活，展现了年轻人在不景气时期的奋斗与坚持。视频中提到全国有七万名硕士在从事外卖工作，反映了社会现状和年轻人的无奈与努力。
3xtf6mqjhubyp6q,假,真,假,False,True,在分析当前视频时，我们首先考虑小模型的判断结果为假。小模型的准确率较高，且在大规模数据集上表现良好，因此其判断具有一定的参考价值。然而，单凭小模型的判断并不足以得出最终结论。接下来，我们分析视频的视觉内容特征。视频中展示了一名男子因吃狗肉而引发的争议，周围人群的反应和警察的介入表明事件的紧张性和复杂性，这与真实事件的特征相符。与参考的真新闻相比，当前视频同样涉及公共场合的争议和人群的反应，且情节发..., @雪山飞虎(O3xkpj3msdczr79q) 的精彩视频,该视频展示了一名男子在公共场合因吃了狗肉而引发的争议。视频中，周围聚集了许多人，大家对这一行为表示关注和讨论。男子似乎在解释自己的行为，周围的人则表现出不同的反应，场面显得有些混乱。
7017791130548833536,假,真,假,False,True,"1. 小模型判断的合理性分析：小模型判断当前视频为假新闻，可能基于其在大规模数据集上的表现和对类似内容的识别能力。虽然小模型的准确率较高，但仍需结合其他信息进行综合判断。

2. 视觉内容特征分析：视频展示了小龙虾的市场情况、清洗过程以及医疗影像，内容较为直观，且涉及健康警示，符合新闻报道的特征。

3. 与参考真新闻的相似性分析：当前视频与最相似的真新闻在内容上有相似之处，均涉及小龙虾的食用安全...",你还敢吃小龙虾吗😓,视频讲述了一位苏州姑娘因吃小龙虾感染肺吸虫病的故事。随着天气回暖，小龙虾开始热销，但因其体内可能含有寄生虫，导致有人生病。视频展示了小龙虾的清洗过程，发现了寄生虫，并通过医生的诊断揭示了肺吸虫病的危害，提醒观众注意饮食安全。
7035537991837699368,真,真,假,True,False,1. 小模型判断的合理性分析：小模型判断当前视频为假新闻，可能基于其在大规模数据集上的表现，认为该视频内容不符合真实事件的特征。2. 视觉内容特征分析：视频中展示了超市内高价白菜的情况，符合描述中提到的哄抬物价的行为，且有消费者的不满和举报，视觉内容与描述一致。3. 与参考真新闻的相似性分析：当前视频与2019年真新闻的相似之处在于都涉及超市商品价格的异常情况，且都引发了公众的关注和反应。4. 与...,#人物故事 #商业思维 #感悟 ,视频讲述了在疫情期间，部分超市哄抬物价的行为，特别是甘肃嘉义关的一家超市以38.6元的高价售卖白菜，引发了消费者的不满和举报，最终遭到罚款。视频还提到其他地区类似的价格欺诈案例。
3xzxrpdjujcqbxw,假,真,假,False,True,"综合考虑小模型的判断、视频内容、参考新闻等信息，以下是详细分析：

1. **小模型判断的合理性分析**：小模型判断当前视频为假新闻，可能基于其在大规模数据集上的表现。然而，模型的判断并不一定准确，尤其在涉及复杂社会事件时。

2. **视觉内容特征分析**：视频中展示了女司机因变道遭到男司机暴打的场景，符合现实中可能发生的路怒事件。视频的内容和情节看似真实，且包含了双方观点和网络舆论的变化，增加...", @Gc民间故事会(O3xegcyry3uhwize) 的精彩视频,该视频讲述了一名女司机因变道行为遭到男司机暴打的事件。视频中展示了事件的经过、双方的观点以及网络舆论的变化。女司机承认自己有不文明驾驶的行为，但认为不应成为被暴力对待的理由。随着事件的发酵，女司机的个人信息被曝光，引发了更广泛的讨论和争议。
7056176038535056651,假,真,假,False,True,"1. 小模型判断的合理性分析：小模型判断当前视频为假，可能基于其在大规模数据集上的表现和对类似事件的识别能力。虽然小模型的准确率较高，但仍需结合其他信息进行综合判断。  
2. 视觉内容特征分析：视频展示了一名男子在街头表现出异常行为，且周围人表现出惊恐和不安，这与狂犬病发作的描述相符。视频的紧张氛围和人们的反应也符合此类事件的特征。  
3. 与参考真新闻的相似性分析：当前视频与参考真新闻在情绪...",#上热门🔥 #抖加小助手 #感谢那些默默给我点赞的人 #监控下的一幕 #狂犬病 #狗 ,视频展示了一名男子在凯里街头疑似狂犬病发作的情景。监控画面中，男子表现出异常行为，周围的人对此感到惊恐和不安。视频通过不同的镜头展示了事件的发展和周围人的反应，传达出一种紧张和不安的氛围。
7017589177361435936,假,真,假,False,True,1. 小模型判断的合理性分析：小模型判断当前视频为假新闻，可能基于其在大规模数据集上的表现，认为该视频的内容与已知的假新闻相似。2. 视觉内容特征分析：当前视频展示了居民在水位较高的环境中煮饭的情景，反映了极端天气下的生活状态。3. 与参考真新闻的相似性分析：参考真新闻展示了洪水淹没的情况，强调了居民的困境和无奈，当前视频也展示了类似的情景，但更侧重于居民的适应能力。4. 与参考假新闻的相似性分析...,,该视频展示了广东地区居民在洪水泛滥的情况下，依然在水位达到半人高的家中煮饭的情景。视频通过不同的帧展示了水淹的环境和居民的生活状态，反映了在极端天气条件下人们的坚韧与适应能力。
7017526065920789800,假,真,假,False,True,"1. 小模型判断的合理性分析：小模型判断当前视频为假新闻，可能基于其训练数据中类似内容的表现。虽然小模型的准确率较高，但其判断并不一定绝对可靠。  

2. 视觉内容特征分析：视频展示了一只罕见的沙螺王，重达百斤，整体外观和细节展示都较为清晰，且有多个镜头切换，增加了视频的趣味性和可信度。  

3. 与参考真新闻的相似性分析：参考真新闻涉及具体事件和人物，且有法律后果，内容较为严肃。而当前视频则...",#上热门 今日阳西蓝袍罕見沙螺王，據說是孫悟空西游記留下的…[,视频展示了一只罕见的沙螺王，重达百斤，出现在广东阳西。视频通过多个镜头展示了沙螺的外观和细节，强调其稀有性，并提到与孙悟空西游记的传说有关。观众可以看到沙螺在不同环境下的状态，增加了视频的趣味性。
7039904064364088608,真,真,假,True,False,"1. 小模型判断的合理性分析：小模型判断该视频为假新闻，可能基于其训练数据中类似事件的统计特征。然而，模型的判断并不一定准确，尤其在涉及特殊文化现象时。  
2. 视觉内容特征分析：视频展示了双胞胎姐妹与亲兄弟的婚礼场景，整体氛围喜庆，符合婚礼的常见特征。没有明显的伪造或不自然的元素。  
3. 与参考真新闻的相似性分析：参考真新闻涉及婚礼和家庭关系，当前视频同样围绕婚礼展开，且涉及特殊的家庭关系...",河南一双胞胎姐妹嫁给亲兄弟，同一天举办婚礼，网友：天大的缘分 #河南 #婚礼 #新郎 #新娘 #新闻现场,视频讲述了河南郑州的一对双胞胎姐妹嫁给了亲兄弟，并在同一天举办婚礼，展现了他们的幸福与缘分。网友对此表示惊讶和祝福。
7030004578389183784,假,真,假,False,True,"1. 小模型判断的合理性分析：小模型判断当前视频为假新闻，可能基于其在大规模数据集上的表现，但未必考虑到具体的上下文和细节。  
2. 视觉内容特征分析：视频展示了居民自发悬挂国旗的场景，背景音乐《歌唱祖国》传达了爱国情感，整体氛围积极向上。  
3. 与参考真新闻的相似性分析：当前视频与真新闻的主题相似，均涉及西安地区的疫情防控和居民的积极表现，但真新闻更侧重于抗疫工作者的努力。  
4. 与参...",在全国人民努力下，中国疫情不断好转，近日，陕西西安一小区居民自发在阳台挂出国旗，表达对伟大祖国的热爱。,该视频展示了陕西西安一小区的居民在阳台上自发悬挂国旗，以表达对祖国的热爱。背景音乐是《歌唱祖国》，传达出团结和对未来的美好期望，体现了在疫情好转的背景下，居民们积极向上的精神面貌。
7018010806272920835,假,真,假,False,True,"1. 小模型判断的合理性分析：小模型判断当前视频为假新闻，可能基于其在大规模数据集上的表现。然而，模型的判断并不一定准确，尤其是在特定的视觉内容上。  
2. 视觉内容特征分析：视频展示了广州琶洲地区的海市蜃楼美景，描述中提到的建筑物倒影和变幻的云彩符合海市蜃楼的特征。复合帧中的画面显示了蜃楼的逐渐显现和消失，符合自然现象的表现。  
3. 与参考真新闻的相似性分析：参考真新闻描述了佛山的火灾，内...",#我负责拍摄分享你负责欣赏 ,这个视频展示了广州琶洲地区出现的海市蜃楼美景。通过多个镜头，观众可以欣赏到在特定天气条件下，建筑物的倒影和变幻的云彩，营造出一种梦幻的视觉效果。视频中伴随着兴奋的音效，增强了观众的观赏体验。
7048827243237281055,假,真,假,False,True,"1. 小模型判断的合理性分析：小模型判断当前视频为假新闻，但其依据可能不足。小模型的准确率高，但并不意味着每次判断都正确。  
2. 视觉内容特征分析：视频展示了群众用骡子运送物资的场景，符合疫情期间的实际情况，且画面中有明显的团结抗疫的氛围。  
3. 与参考真新闻的相似性分析：当前视频与真新闻在内容上有相似之处，均涉及疫情防控和民众的积极参与，且时间上也接近。  
4. 与参考假新闻的相似性分...",1月2日，陕西商洛的群众拉着骡子为疫区运送物资。西安加油！,视频展示了2022年1月2日，陕西商洛的市民们用骡子运送物资，支援疫情防控工作。画面中，群众拉着装满物资的骡子，展现了大家团结一心、共同抗击疫情的精神。视频传达了对西安的支持与鼓励。
7035210171949288740,假,真,假,False,True,"1. 小模型判断的合理性分析：小模型判断当前视频为假新闻，可能基于其对气候变化和拉尼娜现象的理解。虽然小模型的准确率较高，但其判断可能缺乏对具体内容的深入分析。  

2. 视觉内容特征分析：视频的复合帧展示了与气候变化相关的图像，包括地球、冰川和极端天气现象，这些内容与气候科学相关，可能具有一定的真实性。  

3. 与参考真新闻的相似性分析：当前视频讨论了气候现象（拉尼娜）与寒冬的关系，类似于...",地球迎来60年最冷冬天？拉尼娜现象再升级，冰河世纪或将重现？ #自然奇观 #科普 #生态环境 #探索 #探秘 ,视频探讨了地球可能迎来60年来最冷的冬天，分析了拉尼娜现象的升级对气候的影响。通过回顾历史数据，指出拉尼娜现象与寒冬之间的关联，并提及过去的极端天气事件，强调今年的寒冬可能会带来类似的影响。
7031153752790830374,假,真,假,False,True,在分析当前视频内容时，我们首先考虑小模型的判断结果为假。小模型的准确率较高，但并不总是绝对可靠。接下来，我们分析视频的内容和结构。视频的标题和描述明确指出了燃气灶阀门的正确使用方法，强调了安全性，并展示了错误操作可能导致的后果。这与真实的安全教育视频相符。与参考的真新闻相比，当前视频同样关注安全问题，且提供了具体的操作指导，具有一定的教育意义。与假新闻的相似性分析显示，当前视频并没有传播虚假信息或...,青岛联城海岸大爆炸💥，炸出了科普。爆炸原因是因为向右拧动阀门，以用小火🔥，造成外圈漏气，引起爆炸💥。请一定要向左拧小火🔥，才是安全的。在这个问题上我的做法一直是错误的，真是太可怕了。现将视屏发给你，一定一定要认真看，彻底改过来！,该视频讲述了燃气灶阀门的正确使用方法，强调了在调节火力时应逆时针扭动阀门以确保安全。视频中展示了错误的操作方式可能导致的漏气和爆炸风险，并通过拆解阀门结构解释了小火的安全供气方式，提醒观众注意安全使用燃气灶。
7023492285463612708,假,真,假,False,True,"1. 小模型判断的合理性分析：小模型判断当前视频为假，可能是基于其在大规模数据集上的表现，但未必能准确判断特定视频的真实性。  
2. 视觉内容特征分析：视频展示了一位74岁女性与其孙子共同表演舞蹈，内容与标题一致，且舞蹈表现出深厚的情感与默契，符合描述。  
3. 与参考真新闻的相似性分析：当前视频与参考真新闻在情感表达和舞蹈表演上有相似之处，但主题不同，参考真新闻讲述的是老太太对交警的感激。 ...",#最美舞者 #视觉冲击 祖孙俩， 女的已经74岁了男的是他孙子！,这个视频展示了一位74岁的女性舞者与她的孙子共同表演的舞蹈。两人通过绚丽多彩的舞姿，展现了深厚的情感与默契，打破了年龄的界限，传递出生命的活力与美好。观众被他们的表演深深吸引，感受到舞蹈的力量与魅力。
3xp849bntcd8umi,假,真,假,False,True,"1. 小模型判断的合理性分析：小模型判断该视频为假新闻，可能基于其对内容的分析和对类似事件的识别。虽然小模型的准确率较高，但仍需结合其他信息进行综合判断。

2. 视觉内容特征分析：视频展示了一只大闸蟹被用来吊取衣服的过程，虽然这一情节在现实中较为罕见，但并不完全不可能。视觉内容的真实性需要进一步验证。

3. 与参考真新闻的相似性分析：当前视频与参考真新闻在情节上有一定的相似性，都是围绕日常生活...",杭州一户家人居家隔离时，晒的衣服被风吹到了楼下，没法下去拿，灵机一动用大闸蟹吊着下去取衣服，而这只大闸蟹居然真的把衣服抓到了，完成了“不可能完成的任务”🦀️ @快手创作者中心(O3xrgtux2ehryffe)  @快手平台帐号(O3xa3cpv8sghbu8m),这个视频讲述了一户在杭州居家隔离的家庭，因风将晾晒的衣服吹到楼下，无法下去取。于是，他们灵机一动，用一只大闸蟹吊着衣服，最终成功地将衣服抓回，完成了这个看似不可能的任务。
7044720935663914274,假,假,真,True,False,"1. 小模型判断的合理性分析：小模型判断该视频为真，可能基于其在大规模数据集上的表现。然而，模型的判断并不一定准确，尤其是在涉及幽默和戏剧性内容时。  
2. 视觉内容特征分析：视频中的复合帧显示男子在厕所内，环境昏暗且混乱，符合地震后可能出现的情景。男子的慌乱和试图寻找出口的行为也与描述一致。  
3. 与参考真新闻的相似性分析：当前视频与真新闻的情感表达相似，均展现了个体在突发事件中的无助和恐...",一男子上厕所裤子都脱了，因地震房屋倒塌出不来了😂#常州地震 ,这个视频展示了一名男子在上厕所时遭遇地震，导致房屋倒塌，他被困在厕所里。视频中，他惊慌失措，表达了自己的恐惧和无助，试图寻找逃生的办法。整个过程充满了紧张和幽默的元素，尽管情况严峻，但他的反应引发了观众的笑声。
7019839633865428262,假,假,真,True,False,在分析当前视频时，首先考虑小模型的判断结果为真，且其在大规模数据集上表现良好，具有一定的参考价值。然而，结合视频内容和参考信息进行深入分析，发现了一些关键点。当前视频描述了一名男子因妻子拒绝偿还赌债而对其施暴，场面令人震惊，且有围观群众。与最相似的真新闻相比，当前视频的情节和围观反应相似，且都涉及公共场合的暴力事件，具有一定的可信度。然而，与最相似的假新闻相比，当前视频的描述和情节几乎完全一致，且...,网传广西钦州一妻子因拒绝偿还丈夫赌债，被当街暴打。丈夫拖着妻子长发行走数米，并将妻子抱起后重摔，恶行令人愤慨！ ,该视频记录了一名男子在街头对其妻子施暴的事件。由于妻子拒绝偿还丈夫的赌债，丈夫在众目睽睽之下对其进行拖拽和殴打，甚至将其抱起后重摔，场面令人震惊和愤怒。周围围观的人们对此感到震惊。
7049723441108241679,假,真,假,False,True,"1. 小模型判断的合理性分析：小模型判断当前视频为假新闻，可能基于其对内容的分析和对类似事件的学习。由于该模型在大规模数据集上表现良好，其判断具有一定的参考价值。  
2. 视觉内容特征分析：视频展示了用脚和面的方法，这在某些地方的传统制作中是存在的，虽然不常见，但并不意味着其不真实。  
3. 与参考真新闻的相似性分析：当前视频与真新闻的相似性较低，真新闻涉及暴力事件，而当前视频则是关于传统美食...",这样的包子味道怎么样？#地方特色美食 #民间传统美食 #传统手艺 ,这个视频展示了某拉面摊的传统制作过程，特别是用脚和面的方法。视频中可以看到制作包子的过程，强调了地方特色美食的独特性和传统手艺。通过不同的镜头，观众可以感受到这种传统技艺的魅力。
7044899170313850153,假,真,假,False,True,"1. **小模型判断的合理性分析**：小模型判断当前视频为假新闻，可能基于其在大规模数据集上的表现。然而，模型的判断并不一定准确，尤其是在情感故事和个人经历方面。  

2. **视觉内容特征分析**：视频的复合帧展示了汶川地震的救援场景和女孩与兵哥哥的婚礼，情感表达强烈，符合真实故事的特征。  

3. **与参考真新闻的相似性分析**：当前视频与参考真新闻在情感传递和人物经历上有相似之处，均涉...",,这个视频讲述了一位在汶川地震中被救的小女孩，十年后实现了与救她的兵哥哥重聚并结婚的故事。女孩在经历了艰辛的成长后，终于找到了当年的救命恩人，并兑现了当年的承诺，感动了许多人。
7026682604434902276,假,真,假,False,True,"1. 小模型判断的合理性分析：小模型判断当前视频为假新闻，可能基于其训练数据中关于茭白的相关信息和营养价值的讨论。由于小模型的准确率较高，这一判断具有一定的参考价值。  
2. 视觉内容特征分析：复合帧展示了茭白的外观及其相关信息，符合视频描述中提到的内容，且没有明显的误导性信息。  
3. 与参考真新闻的相似性分析：当前视频与参考真新闻在内容结构上有相似之处，均强调了食材的营养价值和健康益处，但...",,视频介绍了茭白的营养价值，强调其含有的成分对预防骨质疏松的好处。通过展示茭白的外观和相关信息，鼓励观众关注健康饮食，特别是茭白在饮食中的重要性。
7022913322009890051,假,真,假,False,True,"综合考虑小模型的判断、视频内容、参考新闻等信息，得出以下分析：

1. **小模型判断的合理性分析**：小模型判断当前视频为假新闻，基于其在大规模数据集上的表现，具有一定的参考价值。然而，单一模型的判断并不足以完全决定视频的真实性。

2. **视觉内容特征分析**：视频展示了施工现场，工人在屋顶上喷涂油漆，符合描述中的关键词和内容。复合帧中显示了喷涂的过程和效果，整体视觉内容与标题和描述一致。
...",#施工现场实拍 ,该视频展示了一个施工现场，主要内容是工人在屋顶上喷涂油漆，以应对无人机和卫星地图的考核。视频通过多个镜头展示了喷漆的过程和效果，强调了施工的细节和环境。
7057098924561108262,假,真,假,False,True,"1. 小模型判断的合理性分析：小模型判断当前视频为假新闻，可能基于其在大规模数据集上的表现。然而，模型的判断并不一定准确，尤其是在情感和文化内容方面。  
2. 视觉内容特征分析：视频展示了一位74岁的祖母与孙子共同表演舞蹈，强调了祖孙之间的情感和默契。视频中的舞蹈动作复杂且富有表现力，符合描述中的关键词。  
3. 与参考真新闻的相似性分析：参考真新闻讲述了人与人之间的温暖和感激之情，当前视频同...",#震撼 #舞蹈 震撼全网的祖(74岁)孙舞者！#舞出美丽舞出健康 #嗨翻全场 ,这个视频展示了一位74岁的祖母与她的孙子共同表演舞蹈，展现出绚丽多彩的舞姿，传递出健康与美丽的理念。舞蹈过程中，祖孙之间的默契与情感深深打动了观众，展现了舞蹈的魅力和生命的活力。
3xexs4d8xaxzsxk,真,真,假,True,False,"1. 小模型判断的合理性分析：小模型判断当前视频为假新闻，但其判断依据可能不够全面。小模型的准确率高，但并不能完全替代人工分析。  
2. 视觉内容特征分析：视频展示了海水倒灌的现象，画面中可以看到海水涌上道路，确实符合描述中的情况。  
3. 与参考真新闻的相似性分析：当前视频与2019年台风利奇马的真新闻在内容上有相似之处，都是关于自然灾害对交通的影响，并且都强调了安全警示。  
4. 与参考...",大风大雨，海水倒灌，海边切勿停车！,视频展示了2021年10月16日宁波发生的海水倒灌现象，提醒人们在大风大雨天气下海边不要停车，以避免危险。画面中可以看到海水涌上道路，影响交通。
7028529035609148676,假,真,假,False,True,"1. 小模型判断的合理性分析：小模型判断当前视频为假新闻，可能基于其训练数据和特征提取能力。然而，模型的判断并不一定准确，尤其在涉及情感和个人故事的内容时。  

2. 视觉内容特征分析：视频展示了一位老人积极自娱自乐的场景，表现出乐观的态度。整体情绪从孤独转向欢乐，符合人们在困境中寻找快乐的真实情感。  

3. 与参考真新闻的相似性分析：当前视频与参考真新闻在情感表达上有相似之处，均展示了人们...",额济纳旗转运隔离老人的欢乐！,视频展示了一位被困在额济纳旗的老人，在酒店中自娱自乐的场景。她在小房间里跳舞、唱歌，表现出乐观的态度，尽管环境寂寞，但她努力寻找快乐，展现了积极向上的生活态度。
7029209861531520294,假,真,假,False,True,"1. 小模型判断的合理性分析：小模型判断当前视频为假新闻，可能基于其对内容的分析和与历史数据的对比。虽然小模型的准确率较高，但仍需结合其他信息进行综合判断。  
2. 视觉内容特征分析：视频内容主要围绕燃气灶的安全使用方法，展示了阀门的正确操作和潜在的安全隐患，内容较为专业且具有教育意义。  
3. 与参考真新闻的相似性分析：参考真新闻涉及液化气罐起火事件，强调了安全使用的重要性，与当前视频的主题...",青岛联城海岸大爆炸💥，炸出了科普。爆炸原因是因为向右拧动阀门，以用小火🔥，造成外圈漏气，引起爆炸💥。请一定要向左拧小火🔥，才是安全的。在这个问题上我的做法一直是错误的，真是太可怕了。一定一定要认真看，把之前错误的做法彻底改过来！#科普 ,视频讲述了燃气灶的安全使用方法，特别是阀门的正确操作。通过示范，强调了在调节火力时应逆时针扭动阀门，以避免漏气和潜在的爆炸风险。视频还介绍了燃气灶内部结构，解释了不同喷嘴的作用，提醒观众注意安全。
3xnh6ksug7tnyti,假,假,真,True,False,"1. 小模型判断的合理性分析：小模型判断当前视频为真，基于其在大规模数据集上的表现，虽然准确率较高，但仍需结合其他信息进行综合分析。  
2. 视觉内容特征分析：视频展示了外国搏击名将与中国外卖小哥的对抗，气氛紧张，外卖小哥最终击倒对手，观众反应热烈。这种情节在社交媒体上常见，可能存在夸张成分。  
3. 与参考真新闻的相似性分析：参考真新闻涉及外卖小哥与商家之间的真实冲突，虽然都是关于外卖小哥的...",#集结吧光合创作者 美国狂人说中国功夫是花拳绣腿，不料被路过外卖小哥暴揍KO 解气！ #传扬爱国精神   @快手热点(O3xddgkd5fav5if9),视频展示了一位外国搏击名将与中国外卖小哥的对抗。起初，外国选手对中国功夫表示不屑，随后在对抗中被外卖小哥意外击倒，引发现场观众的欢呼与喝彩，展现了对中国功夫的支持与爱国情怀。
7039979927290039588,真,真,假,True,False,"1. **小模型判断的合理性分析**：小模型判断当前视频为假新闻，但其判断依据未详细说明，可能基于数据集的统计特征。需要进一步分析视频内容以验证其准确性。  
2. **视觉内容特征分析**：视频展示了双胞胎姐妹与亲兄弟同时举行婚礼的场景，画面中有明显的婚礼元素，如婚纱、鲜花、庆祝活动等，符合婚礼的典型特征。  
3. **与参考真新闻的相似性分析**：参考真新闻涉及婚礼事件，且有社会关注的背景，...",天大的缘分！12月9日，河南郑州。双胞胎姐妹嫁给亲兄弟同一天举办婚礼 。#婚礼 #缘分 ,视频展示了在2021年12月9日，河南郑州，双胞胎姐妹与亲兄弟同时举行婚礼的特殊场景，强调了这一喜庆事件的独特性和亲密关系。
7029585948459420964,假,真,假,False,True,"1. 小模型判断的合理性分析：小模型判断当前视频为假新闻，可能基于其训练数据中对类似内容的分析。然而，模型的判断并不一定准确，尤其是在涉及具体安全操作的情况下。  

2. 视觉内容特征分析：视频内容主要围绕燃气灶的安全使用方法，展示了阀门的操作和潜在的安全隐患。视觉内容与标题和描述一致，强调了安全使用的重要性。  

3. 与参考真新闻的相似性分析：当前视频与参考真新闻在内容上有相似之处，均涉及...","#沈阳大爆炸，炸出了科普。爆炸原因是因为向右拧动阀门，以用小火 ，造成外圈漏气，引起爆炸。请一定要向左拧小火，才是安全的。
      在这个问题上我们的做法往往存在着错误，真是太可怕了。现将视屏发给你，一定一定要认真看，彻底改过来！",该视频讲述了燃气灶的安全使用方法，特别是阀门的正确操作。视频强调了向左拧动阀门以调节火力是安全的，而向右拧动则可能导致漏气和爆炸。通过实际演示，讲解了阀门的结构及其工作原理，提醒观众注意安全。
7045925414622989605,假,真,假,False,True,"1. 小模型判断的合理性分析：小模型判断当前视频为假新闻，可能基于其在大规模数据集上的表现，但未必考虑到具体的上下文和细节。  
2. 视觉内容特征分析：视频展示了居民齐声为西安加油的场景，符合疫情期间的团结氛围，且没有明显的虚假成分。  
3. 与参考真新闻的相似性分析：当前视频与真新闻的主题相似，都是关于西安疫情期间的居民活动，展现了团结和支持的情感。  
4. 与参考假新闻的相似性分析：当前...",西安一小区居民齐声为西安加油#西安疫情 #西安一小区居民自发悬挂国旗 #西安加油 #抖in邯郸 #邯郸 ,视频展示了西安一小区居民在疫情期间自发悬挂国旗，并齐声为西安加油的场景。居民们通过这种方式表达对家乡的支持与鼓励，展现了团结和希望的精神。
7053384921401789708,假,真,假,False,True,"1. 小模型判断的合理性分析：小模型判断当前视频为假，可能基于其在大规模数据集上的表现。然而，模型的判断并不一定准确，尤其在特定情境下。  
2. 视觉内容特征分析：视频展示了一只火狐狸在雪地中活动，符合自然界中狐狸的行为特征。狐狸的颜色和动作都与真实狐狸相符，且环境背景也符合大兴安岭的自然景观。  
3. 与参考真新闻的相似性分析：当前视频与真新闻的相似性较低，真新闻涉及的是小老虎，而当前视频是...",多年罕见的火狐狸在大兴安岭331国道上被拍下。火狐狸只在传说中听说过，今天看到的是一只真实的火狐狸，真的神奇呀！如果不是雪大她可能也不会出来，真是太漂亮了！大家欢赏,这个视频展示了一只罕见的火狐狸在大兴安岭的331国道上活动的场景。视频通过多个镜头捕捉了火狐狸在雪地中觅食和移动的过程，展现了它的美丽和灵动。观众可以感受到这只狐狸的独特魅力，仿佛置身于神秘的自然之中。
7030342786935246084,假,真,假,False,True,"1. 小模型判断的合理性分析：小模型判断当前视频为假新闻，但未提供具体依据。由于小模型的准确率较高，初步判断可以作为参考，但不能完全依赖。  
2. 视觉内容特征分析：视频展示了一位50岁的大叔在宾馆隔离期间跳舞，表现出积极向上的生活态度。视频内容简单明了，符合描述，且没有明显的虚假成分。  
3. 与参考真新闻的相似性分析：当前视频与真新闻的相似性较低，真新闻涉及国家间的合作与捐赠，而当前视频主...",#烟雨人间 50岁大叔隔离在宾馆24天了#抖音小助手 #额济纳旗 #舞出美丽舞出健康,这个视频展示了一位50岁的大叔在宾馆隔离期间自娱自乐，连续24天在房间内跳舞。他通过舞蹈表达自己的情感，展现了积极向上的生活态度。视频中伴随着悠扬的音乐，营造出轻松愉悦的氛围。
3xytyzwx3fpd5va,假,假,真,True,False,"1. 小模型判断的合理性分析：小模型判断该视频为真，可能基于其在大规模数据集上的表现。然而，模型的判断并不一定准确，需结合其他信息进行综合分析。

2. 视觉内容特征分析：视频展示了一名女子在离婚后晕倒，前夫冷漠离开，符合情感冷漠的主题。多个镜头展示了事件的演变，似乎真实反映了事件的经过。

3. 与参考真新闻的相似性分析：当前视频与真新闻的相似之处在于都涉及情感冲突和社会关注的问题，且都通过视频...",夫妻离婚刚从民政局出来女子晕倒丈夫头也不回 #新闻 #奇闻异事  @快手热点(O3xddgkd5fav5if9),视频讲述了一对夫妻在离婚后，女子在民政局外突然晕倒，而她的前夫却表现出冷漠，毫不在意地转身离去。视频通过多个镜头展示了这一突发事件，反映了离婚后情感的冷淡和对彼此的漠视。
7028536210775723272,假,真,假,False,True,"1. 小模型判断的合理性分析：小模型判断当前视频为假新闻，可能基于其对气候变化和极端天气事件的历史数据分析。虽然小模型的准确率较高，但其判断并不一定绝对可靠。  

2. 视觉内容特征分析：视频中的复合帧展示了极端天气、冰雪覆盖的场景以及历史冰河期的影像，这些内容与视频标题和描述相符，表明视频可能在探讨真实的气候现象。  

3. 与参考真新闻的相似性分析：当前视频与参考真新闻在内容上有一定的相似...",气候灾难再度降临！今年或是60年最冷冬天，冰河世纪将重现世间？ #灾难 #科普  #涨知识 ,该视频探讨了地球可能迎来60年来最冷的冬天，甚至可能进入小冰河期的现象。视频回顾了历史上的大冰期和小冰期，分析了气候变化对人类的潜在影响，并通过历史案例说明极端气候可能导致的灾难。
3xrdmz9jp5euq5a,假,真,假,False,True,在分析当前视频时，我们首先考虑小模型的判断结果为假，且其在大规模数据集上的表现良好，准确率较高，这为我们提供了一个初步的参考。然而，单凭小模型的判断并不足以得出最终结论。接下来，我们分析视频的内容和视觉特征。视频描述了一名2岁孩子在疫情期间被隔离的故事，表现出孤独和不安的情绪，符合疫情期间儿童隔离的真实情境。与参考的真新闻相比，当前视频在情感表达和主题上有相似之处，均涉及家庭和情感的冲击。与参考的...,加油,这个视频讲述了一名2岁孩子在疫情期间被隔离的故事。孩子在陌生的环境中感到孤独和不安，渴望与父母的亲密接触。视频通过孩子的视角展现了隔离带来的情感冲击，以及对未来的无助感，传达出希望与勇气的主题。
7029201231767784711,假,真,假,False,True,"1. 小模型判断的合理性分析：小模型判断当前视频为假新闻，可能基于其在大规模数据集上的表现和特征提取能力。虽然小模型的准确率较高，但并不意味着它的判断一定正确。  
2. 视觉内容特征分析：视频展示了一只鸟的不同角度和颜色变化，符合变脸鸟的特征。变脸鸟的描述与视频内容一致，且视频通过不同镜头展示了鸟的独特外观。  
3. 与参考真新闻的相似性分析：当前视频强调了鸟的稀有性和独特性，与真新闻中展示自...",这是一只罕见的变脸鸟，可以说是鸟类的奇珍异宝！,该视频展示了一只罕见的变脸鸟，拍摄于湖北建始。视频通过不同的镜头展示了这只鸟的独特外观和变换的羽毛颜色，强调了其珍贵性和难得一见的特性。配乐中包含了一些关于爱情和失去的歌词，增添了情感色彩。
7028900912034893086,假,真,假,False,True,"1. 小模型判断的合理性分析：小模型判断当前视频为假新闻，可能基于其在大规模数据集上的表现。然而，模型的判断并不一定准确，尤其在涉及具体操作和安全知识时。  

2. 视觉内容特征分析：视频内容主要围绕燃气灶的使用安全，展示了阀门的操作方法，强调了向右拧动阀门的危险性。视觉内容与标题和描述一致，且没有明显的虚假信息。  

3. 与参考真新闻的相似性分析：当前视频与参考真新闻在内容上有相似之处，均...",沈阳大爆炸，炸出了科普。爆炸原因是因为向右拧动阀门，以用小火 ，造成外圈漏气，引起爆炸。请一定要向左拧小火，才,该视频讲解了燃气灶的使用安全，特别是阀门的正确操作方法。视频中指出，向右拧动阀门会导致外圈漏气，从而引发爆炸，正确的做法是逆时针拧动阀门以调节火力，确保安全使用燃气灶。
7056313944817945856,假,真,假,False,True,综合考虑小模型的判断、视频内容、参考新闻等信息，当前视频的内容与最相似的真新闻存在高度相似性，尤其是在情节和关键词上。视频描述中提到的飞机起落架故障和皮卡车的应急反应与日产皮卡的广告内容一致，且视频的时间演变也与广告的叙述结构相似。此外，虽然小模型判断为假，但缺乏强有力的证据来推翻视频的真实性。视觉内容展示了乘客的反应和飞机的紧急情况，符合真实事件的逻辑。因此，综合分析认为该视频更倾向于真新闻。...,#大飞机 #小皮卡,这个视频展示了一架飞机在降落过程中出现起落架故障的紧急情况。视频中，乘客们在机场等待，随后通过电视屏幕得知飞机的紧急情况，并看到一辆皮卡车在帮助飞机处理故障的场景，展现了飞机与皮卡车的结合，营造出一种幽默和紧张并存的氛围。
7022235670324251941,假,真,假,False,True,"1. 小模型判断的合理性分析：小模型判断当前视频为假新闻，可能基于其训练数据和特征提取能力。然而，模型的判断并不一定准确，尤其是在复杂的事件中。  

2. 视觉内容特征分析：视频展示了潍坊风筝节的场景，包含了小孩与风筝的互动，且有明显的紧急情况。视觉内容与描述相符，显示了人群的反应和风筝的飞行状态。  

3. 与参考真新闻的相似性分析：当前视频与参考真新闻在事件描述、关键词（如小孩被风筝拉起、...",大人一次疏忽，差点把孩子弄丢了！,视频展示了在潍坊风筝节上，一名小孩被风筝意外拉起，导致颈椎受伤的事件。视频通过多个镜头展现了这一惊险时刻，提醒人们在活动中注意安全，尤其是对孩子的看护。
7034461852092353807,假,真,假,False,True,"1. 小模型判断的合理性分析：小模型判断当前视频为假，可能基于其在大规模数据集上的表现，但未必能准确捕捉到特定内容的真实性。  
2. 视觉内容特征分析：视频展示了候鸟迁徙的场景，符合自然现象的特征，且没有明显的伪造迹象。  
3. 与参考真新闻的相似性分析：当前视频与真新闻在内容主题上相似，均涉及候鸟迁徙，且描述自然现象，具有一定的可信度。  
4. 与参考假新闻的相似性分析：当前视频与假新闻在...",神奇的千年鸟道，迁徒的候鸟。,该视频展示了秦岭地区的千年鸟道，记录了候鸟迁徙的壮观场景。通过不同的镜头，观众可以看到鸟类在迁徙过程中飞越山脉和河流的情景，体现了自然界的奇妙与生物的迁徙习性。
7017326145901169956,假,真,假,False,True,"1. 小模型判断的合理性分析：小模型判断当前视频为假新闻，但其准确性并非绝对，需结合其他信息进行综合分析。  
2. 视觉内容特征分析：视频展示了珠海地区因暴雨引发的严重积水情况，画面中有被淹没的车辆和街道，符合自然灾害的特征。  
3. 与参考真新闻的相似性分析：当前视频与2019年浙江临海的真新闻在内容上相似，均展示了因暴雨导致的严重内涝情况，且都强调了对市民的警示和关注。  
4. 与参考假...",珠海又成了水城了……😢😢😢,该视频展示了珠海地区因暴雨而引发的严重积水情况，画面中可以看到街道被淹没，车辆被水淹没，行人面临出行困难。视频通过多个镜头展现了水位的升高和城市的受灾情况，传达出对自然灾害的无奈与忧虑。
7034590432021581088,假,真,假,False,True,"1. 小模型判断的合理性分析：小模型判断当前视频为假新闻，可能基于其在大规模数据集上的表现和对类似内容的识别能力。虽然小模型的准确率较高，但仍需结合其他信息进行综合判断。

2. 视觉内容特征分析：视频中的复合帧展示了深圳市卤鹅补贴政策的相关信息，内容围绕补贴政策的背景、网友反应及制作卤鹅的复杂性展开，整体呈现出一种信息传播的特征，未见明显的虚假成分。

3. 与参考真新闻的相似性分析：当前视频与...",深圳的“鹅”连夜出逃？一夜之间深圳人都在学卤鹅#深圳卤鹅补贴 #卤鹅宝典,视频讨论了深圳市推出的卤鹅补贴政策，鼓励市民学习制作卤鹅以获得补贴。视频中提到，报名人数激增，甚至导致系统瘫痪。虽然补贴吸引了大量人参与，但制作卤鹅的过程复杂，要求较高，提醒大家理性对待这一机会。
7036923326471671053,假,真,假,False,True,"1. 小模型判断的合理性分析：小模型判断当前视频为假新闻，可能基于其在大规模数据集上的表现和特征提取能力。虽然小模型的准确率较高，但仍需结合其他信息进行综合判断。  
2. 视觉内容特征分析：当前视频的复合帧展示了一位讲述者，内容围绕老师补课被举报的事件展开，涉及社会对举报行为的复杂态度。视频的视觉内容较为直接，缺乏明显的夸张或虚假成分。  
3. 与参考真新闻的相似性分析：当前视频与真新闻的相似...",#老师补课被举报#契约精神#因果#补课举报后双胞胎被同学孤立,视频讲述了沈阳一位老师因补课被家长举报的事件。老师在补习过程中收取了少量费用，家长在孩子顺利考上高中后却举报了老师，导致双胞胎被同学孤立。视频探讨了这一事件的因果关系和契约精神，反映了社会对举报行为的复杂态度。
7031865728416468236,假,真,假,False,True,在分析当前视频时，我们可以从多个角度进行推理。首先，小模型的判断结果为假，虽然它在大规模数据集上表现良好，但我们需要进一步验证其合理性。其次，视频内容展示了一位50岁的大叔在宾馆内跳舞，标题和描述强调了他被困28天的背景以及通过舞蹈来释放压力的积极态度，这种情感传递与真实生活中的人们在困境中寻找快乐的行为相符。视觉内容特征上，视频中的舞蹈动作逐渐变得流畅且自信，符合描述中的情感表达。与参考的真新闻...,#张艺兴飞天舞挑战 50岁大叔滞留在宾馆28天了挑战张艺兴飞天舞#抖音热门 #舞蹈 #跳舞使我快乐,这个视频展示了一位50岁的大叔在宾馆内自娱自乐，挑战张艺兴的飞天舞。尽管被困在宾馆28天，他通过跳舞来释放压力，展现了积极向上的生活态度。整个视频充满了欢乐的氛围，传递了舞蹈带来的快乐。
7029522681917689091,假,真,假,False,True,"1. 小模型判断的合理性分析：小模型判断该视频为假，可能基于其训练数据中类似内容的表现。虽然小模型的准确率较高，但并不意味着其判断一定正确。  

2. 视觉内容特征分析：视频展示了燃气灶阀门的使用方法，强调了安全操作的重要性。通过实际演示，视频提供了具体的操作指导，符合科普类内容的特征。  

3. 与参考真新闻的相似性分析：当前视频与参考真新闻在内容上有相似之处，均涉及安全警示和事故预防，且都...","沈阳大爆炸，炸出了科普。爆炸原因是因为向右拧动阀门，以用小火 ，造成外圈漏气，引起爆炸。请一定要向左拧小火，才是安全的。
      在这个问题上，很多人的做法一直是错误的，真是太可怕了。现将视屏发给大家，一定一定要认真看，彻底改过来！",该视频主要讲解了燃气灶阀门的正确使用方法，强调了在调节火力时应逆时针旋转阀门，以确保安全。视频中展示了错误的操作方式可能导致的漏气和爆炸风险，并通过实际演示阐明了安全使用的关键点。
7052273452274830599,假,假,真,True,False,"1. 小模型判断的合理性分析：小模型判断当前视频为真，基于其在大规模数据集上的高准确率，这一判断具有一定的参考价值，但不能完全依赖。  
2. 视觉内容特征分析：视频中男子表现出异常行为，周围人群反应强烈，场面混乱，符合狂犬病发作的描述。然而，视频的具体内容和行为是否确实与狂犬病相关尚需进一步验证。  
3. 与参考真新闻的相似性分析：当前视频与参考真新闻在情绪激动、混乱场面等方面有相似之处，但缺...",#监控下的一幕,视频展示了一名男子在凯里街头疑似因狂犬病发作的情景。视频中，男子表现出异常行为，周围的人显得惊慌和不安，场面十分混乱。通过监控画面，可以看到他与他人发生了冲突，整个过程令人感到恐惧。
7039894871749987621,真,真,假,True,False,"1. 小模型判断的合理性分析：小模型判断当前视频为假新闻，基于其在大规模数据集上的表现，虽然有一定的参考价值，但不能完全依赖。  
2. 视觉内容特征分析：视频中展示了交通受阻的情况，救援车辆的出现和烟雾的存在与事故现场的描述相符。  
3. 与参考真新闻的相似性分析：当前视频的关键词和描述与2019年无锡塌桥事故的关键词相同，且都涉及桥体坍塌，显示出相似的事故特征。  
4. 与参考假新闻的相似...",#海港大道 #江阴 海港大道由北往南山洞出事故了，卡车都被分流，小汽车隔壁山洞逆行，山洞中貌似烟雾腾腾，愿所有人都平安🙏🙏🙏,视频记录了2021年12月10日江阴海港大道的事故现场，桥体坍塌导致交通受阻，救援车辆在现场进行处理，周围弥漫着烟雾，视频中表达了对事故受害者的关心与祝福。
7017441093457399077,假,真,假,False,True,"1. 小模型判断的合理性分析：小模型判断当前视频为假新闻，可能基于其训练数据和特征提取能力，但未必能全面考虑所有上下文信息。  
2. 视觉内容特征分析：视频展示了居民在水灾中煮饭的情景，水位高达半人，居民表现出乐观态度。这种情景在某些地区可能真实存在，尤其是在频繁遭遇水灾的地方。  
3. 与参考真新闻的相似性分析：参考真新闻涉及突发事件（交通事故），而当前视频则是日常生活中的困境，二者在情感传...",我们广东省经常水患成灾，不管水浸屋，饭照常不误，水灾习已为常，见怪不怪生活还要继续，北方也是一样水灾，看到了非常难受，天气又冷了，一定别在下雨水了，风雨过后就是阳光，一切都会好起来的！,视频展示了广东省一位居民在家中遭遇水灾的情景。尽管水位高达半人，居民依然在水中煮饭和吃饭，表现出一种乐观的生活态度。视频传达了即使在困境中，生活仍需继续的精神。
7040993287494307086,真,真,假,True,False,在分析当前视频的内容时，我们可以从多个角度进行推理。首先，小模型的判断结果为假，表明其在大规模数据集上表现良好，可能基于某些特征做出了这一判断。然而，单凭小模型的判断并不足以完全推翻当前视频的真实性。其次，视频展示了双胞胎姐妹在同一天出嫁的婚礼场景，标题和描述都强调了这一点，且整体氛围喜庆，符合婚礼的常见特征。视觉内容中，双胞胎姐妹和新郎的互动频繁，且新郎是姐妹的亲兄弟，这在某些文化中是可以接受的...,今天是个好日子，双胞胎姐妹花同一天出嫁！新郎是亲兄弟！同一天结婚！ #双胞胎姐妹#双胞胎婚礼#沾沾喜气好运来 ,视频展示了双胞胎姐妹在同一天出嫁的婚礼场景，令人感受到喜庆的氛围。新郎是姐妹的亲兄弟，整个婚礼充满了欢乐与祝福。
7048576318459497742,真,真,假,True,False,"1. 小模型判断的合理性分析：小模型判断当前视频为假新闻，可能基于其训练数据中类似内容的表现。虽然小模型的准确率较高，但仍需结合其他信息进行综合判断。  
2. 视觉内容特征分析：视频展示了身穿防护服的工作人员骑着三轮车喷洒消毒液的场景，符合疫情防控的常见措施。画面清晰，且没有明显的剪辑痕迹，增加了其真实性的可能性。  
3. 与参考真新闻的相似性分析：当前视频与2021年1月8日的真新闻在内容上...",西安防疫三轮车上线，“大白”骑着给小区喷洒消毒药水,视频展示了西安市上线的防疫三轮车，由身穿防护服的“大白”骑行，进行小区消毒工作，喷洒高浓度消毒药水，旨在加强疫情防控措施。
7031444334620757255,假,真,假,False,True,"1. 小模型判断的合理性分析：小模型判断该视频为假新闻，可能是基于其对内容的理解和数据集的训练结果。然而，模型的判断并不一定准确，尤其是在涉及具体操作和安全提示的情况下。  

2. 视觉内容特征分析：视频展示了燃气灶的操作，强调了正确的开关方式和安全隐患。通过复合帧的内容，可以看到对比错误和正确操作的演示，具有一定的教育意义。  

3. 与参考真新闻的相似性分析：当前视频与参考真新闻在内容上有...",燃气灶用小🔥开关转动应该顺时针还是逆时针？认真看视屏，错误的彻底改过来。,该视频讲解了燃气灶的开关操作，强调正确的顺时针和逆时针扭动方式。视频指出，错误的顺时针扭动会导致外圈漏气，增加安全隐患。正确的做法是逆时针扭动，确保只有中间火着，外圈不供气，从而提高使用安全性。
7017414510847724836,假,真,假,False,True,1. 小模型判断的合理性分析：小模型判断当前视频为假新闻，可能基于其在大规模数据集上的表现，但未提供具体的分析依据。2. 视觉内容特征分析：视频展示了一只重达百斤的沙贝王，整体外观和细节特征的展示符合对珍稀海产品的描述，且没有明显的伪造迹象。3. 与参考真新闻的相似性分析：当前视频与真新闻的相似性较低，真新闻涉及犯罪事件，而当前视频主要展示自然现象，内容性质不同。4. 与参考假新闻的相似性分析：当...,海螺王（白仔王）,视频展示了一只重达百斤的沙贝王，拍摄于广东阳西。视频通过多个镜头展示了这只海螺的外观和特征，强调其罕见性和重量，传递出对这一珍稀海产品的惊叹与欣赏。
7035041510471093508,假,真,假,False,True,1. 小模型判断的合理性分析：小模型判断当前视频为假，可能基于其在大规模数据集上的表现，但未必能准确判断特定事件的真实性。2. 视觉内容特征分析：视频展示了1988年宁海县洪灾的情景，画面中受灾群众的艰难处境与描述一致，且复合帧的模糊与清晰变化可能反映了灾后救助的紧迫感。3. 与参考真新闻的相似性分析：当前视频与2019年真新闻的相似之处在于都涉及洪灾，且都展示了受灾群众的困境，反映了自然灾害对人...,1988年，宁海“7.30”，受灾群众淌水转移～#宁海 #城市记忆 #老照片 ,该视频记录了1988年宁海县大蔡村的洪灾情景，展示了受灾群众在淌水中转移的情形。画面中，一名女性抱着物品，艰难地走在被淹没的街道上，周围环境显得十分严峻，反映了当时的灾后救助和人们的困境。
7048783060040551710,假,真,假,False,True,"1. 小模型判断的合理性分析：小模型判断当前视频为假新闻，基于其在大规模数据集上的表现，虽然准确率较高，但并不能完全替代人工判断。  
2. 视觉内容特征分析：视频展示了骡子运输物资的场景，符合疫情防控期间的实际情况，画面清晰，内容直观。  
3. 与参考真新闻的相似性分析：当前视频与参考真新闻在主题上相似，均涉及疫情防控和民众的支持，且都展示了具体的行动场景。  
4. 与参考假新闻的相似性分析...",1月2日，陕西商洛，群众拉骡子运送物资，支援疫情防控，加油，抗疫必胜！,视频展示了陕西商洛的市民利用骡子运输物资，支援疫情防控工作。画面中，骡子背负着装满物资的箱子，沿街而行，传达了群众团结抗疫的决心与努力。
7017376717115264286,假,真,假,False,True,"1. 小模型判断的合理性分析：小模型判断当前视频为假新闻，可能基于其在大规模数据集上的表现。然而，单一模型的判断并不一定准确，需结合其他信息进行综合分析。

2. 视觉内容特征分析：视频展示了潍坊风筝节的场景，包含小孩被风筝拉起的情景，符合描述中的关键词和事件。画面中有多个关键帧，展示了事件的演变，强调了安全隐患。

3. 与参考真新闻的相似性分析：当前视频与参考真新闻在事件背景、关键词（潍坊风筝...",大人的一丝疏忽，会造成孩子一辈子的伤痛。父母用一生的悔恨也无用，还算有惊无险，请保护好自己的孩子！！,视频展示了在潍坊风筝节上，一名小孩被风筝意外拉起，造成严重的颈椎伤害。视频通过不同的画面展示了事件的经过，强调了父母在照看孩子时的疏忽可能带来的严重后果，提醒大家要保护好自己的孩子。
7042975466105343271,假,真,假,False,True,"1. 小模型判断的合理性分析：小模型判断当前视频为假新闻，可能基于其对内容的分析和对类似案例的学习。该模型在大规模数据集上表现良好，准确率较高，因此其判断具有一定的参考价值。  

2. 视觉内容特征分析：视频通过幽默的方式讨论婚姻和爱情，内容较为轻松，且没有明显的煽动性或误导性信息。视频的风格和表达方式可能更倾向于娱乐而非严肃新闻。  

3. 与参考真新闻的相似性分析：当前视频与参考真新闻在内...",女孩们千万不要着急嫁人，你会拥有更好的生活！哈哈#三亚 #相亲,视频通过幽默的方式劝告女孩们不要急于结婚，强调等待美好姻缘的重要性。提到了一个38岁女博士的高额婚嫁要求，引出了关于婚姻和爱情的讨论，最后鼓励女孩们相信爱情会在合适的时机到来。
7040074834931354914,假,真,假,False,True,"1. 小模型判断的合理性分析：小模型判断当前视频为假，可能基于其在大规模数据集上的表现。然而，模型的判断并不一定准确，尤其在缺乏具体上下文的情况下。  

2. 视觉内容特征分析：视频展示了一群穿着宇航服的小朋友在幼儿园的活动场景，整体氛围轻松愉快，符合幼儿园日常活动的特征。没有明显的负面或不当行为。  

3. 与参考真新闻的相似性分析：参考真新闻展示了幼儿园老师在地震时的应急反应，强调了安全和...",镇海幼儿园被隔离的小朋友,该视频展示了一群穿着宇航服的小朋友在幼儿园的活动场景。视频通过不同的镜头捕捉了他们在楼梯上行走和在户外聚集的情景，表现出孩子们的活泼与好奇。整体氛围轻松愉快，展现了幼儿园的日常生活。
7035068206834355469,假,真,假,False,True,"1. 小模型判断的合理性分析：小模型判断当前视频为假新闻，可能基于其对内容的分析和对类似案例的学习。虽然小模型的准确率较高，但仍需结合其他信息进行综合判断。  
2. 视觉内容特征分析：视频中的讲述者表现自然，情绪真实，且内容围绕一个具体的补贴项目展开，似乎并没有明显的虚假成分。  
3. 与参考真新闻的相似性分析：当前视频与参考真新闻在内容上都涉及到具体的社会现象（补贴项目与房地产税），且都引发...",深圳人一夜之间都在学卤大鹅，朋友约去，学会了还有1700元补贴？ @DOU+小助手,视频讲述了在深圳，许多人因一个卤鹅补贴项目而纷纷报名学习卤鹅的故事。视频中的讲述者提到，补贴金额为1700元，吸引了大量朋友组团报名，但项目后来被叫停，报名通道关闭。讲述者对此感到遗憾，表达了对这个项目的看法。
3xr6rund6htjga4,真,真,假,True,False,"1. 小模型判断的合理性分析：小模型判断该视频为假新闻，可能基于其对内容的分析和对比。小模型在大规模数据集上表现良好，具有一定的参考价值。  

2. 视觉内容特征分析：视频展示了一个小男孩在被大人召唤时表现出不情愿的态度，身体语言和表情反映出他对拜年的抵触情绪。这种情感表达在传统文化中是常见的，尤其是在儿童中。  

3. 与参考真新闻的相似性分析：参考真新闻涉及儿童与成人之间的互动，探讨责任和...",广东湛江:  敷衍了事！小男孩被大人喊来拜年，浑身写着不情愿。,视频展示了在广东湛江，一位小男孩被大人召唤来拜年，但他表现出明显的不情愿，动作显得敷衍。视频通过小男孩的身体语言和表情，反映了他对这一传统活动的抵触情绪。
7038747888897264935,假,真,假,False,True,1. 小模型判断的合理性分析：小模型判断当前视频为假新闻，可能基于其在大规模数据集上的表现，但未必能准确判断特定视频的真实性。2. 视觉内容特征分析：视频展示了一只火狐狸在雪地中活动，内容与标题和描述一致，且没有明显的伪造或剪辑痕迹。3. 与参考真新闻的相似性分析：当前视频与真新闻的内容特征不同，真新闻涉及人类与动物的互动，而当前视频主要展示狐狸的自然行为。4. 与参考假新闻的相似性分析：当前视频...,【罕见的火狐狸】#爱护大自然保护野生动物 #北国风光 ,这个视频展示了一只火狐狸在大兴安岭的雪地中活动的场景。狐狸在雪地上行走、觅食，展现了其优雅的身姿和灵动的特性。视频通过不同的镜头捕捉了狐狸的动作与环境，传达了对自然和野生动物的保护意识。
7029229563137821989,假,真,假,False,True,1. 小模型判断的合理性分析：小模型判断当前视频为假新闻，基于其在大规模数据集上的表现，具有一定的参考价值。2. 视觉内容特征分析：视频展示了一架飞机在紧急情况下的降落过程，涉及飞机前轮损坏的情景，且有救援车辆的反应，符合紧急救援的主题。3. 与参考真新闻的相似性分析：当前视频与参考真新闻在关键词（皮卡车专用飞机应急）和情节（飞机降落、救援车辆反应）上有相似之处，但参考真新闻是广告，强调的是皮卡的...,和 @CAR工坊 一起 #合拍 ,这个视频展示了一架飞机在紧急情况下的降落过程，涉及到飞机前轮损坏的情景。视频中通过不同的镜头展示了飞机的降落、救援车辆的反应以及最终的处置过程，突显了应急救援的重要性。
7048940393475460387,假,真,假,False,True,"1. 小模型判断的合理性分析：小模型判断当前视频为假新闻，可能基于其在大规模数据集上的表现，然而该模型的判断并不一定准确，需结合其他信息进行综合分析。

2. 视觉内容特征分析：视频内容围绕企业考勤和灵活用工展开，画面中出现了与普华永道相关的讨论，且没有明显的虚假信息或误导性内容。

3. 与参考真新闻的相似性分析：当前视频与真新闻的主题相似，均涉及企业管理和灵活工作模式，但真新闻涉及特朗普的政策...",企业考勤问题多，用灵活用工提效又省心 #企业管理#考勤#员工#人力资源#灵活用工,该视频讨论了企业考勤管理的问题，强调灵活用工的优势。通过普华永道的案例，介绍了灵活工时、工作地点和组装工作时间的制度，指出传统打卡方式的局限性，提倡更为灵活的工作模式，以满足企业和员工的需求。
7033034658308771110,假,真,假,False,True,在分析当前视频时，我们首先考虑小模型的判断结果为假，且其在大规模数据集上的表现良好，准确率较高，这为我们提供了一个初步的参考。然而，单凭小模型的判断并不足以得出最终结论。接下来，我们分析视频的视觉内容特征。视频展示了一名女子在街头突然晕倒，前夫冷漠离开，而路人则积极施救，这与描述中提到的情节一致。与参考的真新闻相比，当前视频同样展现了人际关系的冷漠与温暖，具有一定的社会现实意义。与参考的假新闻相比...,冰封三尺，非一日之寒。为路人的热心点赞！,视频讲述了一名女子在街头突然晕倒的情景。她的前夫对此表现冷漠，未给予帮助，而路人则纷纷停下脚步，急忙前来施以援手，最终将她送往医院。视频通过这一事件反映了人际关系的冷漠与温暖。
7021383978431106311,真,真,假,True,False,"1. 小模型判断的合理性分析：小模型判断当前视频为假，可能基于其在大规模数据集上的表现。然而，模型的判断并不一定准确，需结合其他信息进行综合分析。

2. 视觉内容特征分析：视频中展示了白菜的价格标签，显示原价1.5元，现价7元，且一颗白菜售价为38.6元。视觉内容直接反映了价格的变化，符合视频描述。

3. 与参考真新闻的相似性分析：参考真新闻讨论了食品安全问题，强调了社会对食品价格的关注。当前...",,视频讨论了白菜价格的上涨，从1.5元涨到7元，并指出一颗白菜售价为38.6元，反映了社会上人们对高价的接受程度及道德观念的变化。
7038198919838387493,假,真,假,False,True,1. 小模型判断的合理性分析：小模型判断当前视频为假新闻，基于其在大规模数据集上的表现，具有一定的参考价值。2. 视觉内容特征分析：视频内容围绕家长举报补课老师的事件展开，涉及教育和家庭关系，可能引发争议，但并不直接表明其真实性。3. 与参考真新闻的相似性分析：当前视频与参考真新闻在内容上存在较大差异，参考真新闻涉及自然灾害和应急反应，而当前视频则是关于教育和家庭的社会话题。4. 与参考假新闻的相...,#真是一言难尽#哈哈咋整@抖音小助手 #点亮♥️关注你我的缘分#欢迎评论,视频讲述了一位家长举报补课老师的事件，强调了这一行为对双胞胎孩子的影响。视频探讨了孩子在学校被孤立的情况以及老师对他们的态度，指出教育应回归本质，并反思父母的行为对孩子未来的影响。
3xiqs66buw6r2jw,真,真,假,True,False,"1. 小模型判断的合理性分析：小模型判断当前视频为假新闻，可能基于其在大规模数据集上的表现。然而，模型的判断并不一定准确，尤其在涉及特定文化或事件时。  

2. 视觉内容特征分析：视频展示了双胞胎姐妹与亲兄弟共同举办婚礼的场景，符合标题和描述中的信息。画面中有明显的婚礼元素，如婚纱、鲜花和庆祝活动，显示出婚礼的热闹氛围。  

3. 与参考真新闻的相似性分析：参考真新闻涉及婚礼和家庭关系，但内容...",#双胞胎姐妹一起办婚礼嫁给亲兄弟俩 12月9日，河南郑州一婚礼现场，两对新人选择了一起举办婚礼。两位新娘是双胞胎姐妹，而两位新郎是亲兄弟。网友：两对新人以后的孩子会不会长一样？ @快手热点(O3xddgkd5fav5if9),视频展示了在河南郑州举行的一场特殊婚礼，双胞胎姐妹与亲兄弟共同举办婚礼，吸引了众多网友的关注与讨论，尤其是关于他们未来孩子的相似性问题。
7048969477999840516,假,真,假,False,True,"1. 小模型判断的合理性分析：小模型判断当前视频为假，可能基于其在大规模数据集上的表现，结合关键词和描述内容进行分析。小模型的判断可以作为参考，但并不绝对。  

2. 视觉内容特征分析：当前视频的复合帧内容涉及腾讯的封群政策，强调网络安全和信息传播的重要性，且有具体政策变化的讨论。这与假新闻中幽默调侃的风格形成对比，当前视频更为正式和严肃。  

3. 与参考真新闻的相似性分析：当前视频提到的腾...",,该视频讨论了腾讯即将实施的群组封禁措施，强调了网络安全和信息传播的重要性。视频中提到了一些具体的政策变化，并呼吁观众关注相关信息，支持特定的媒体栏目。
7053608466006510880,假,真,假,False,True,"1. 小模型判断的合理性分析：小模型判断当前视频为假，可能是基于其在大规模数据集上的表现。然而，模型的判断并不一定准确，尤其是在特定上下文中。  

2. 视觉内容特征分析：视频中的复合帧展示了2021年元旦在上海出生的新生儿数量为27人，并且对比了1990年至2020年的出生数据。这些数据的呈现方式与假新闻的内容相似，但并不直接表明其真实性。  

3. 与参考真新闻的相似性分析：参考的真新闻涉...","#成长#快乐#孩子#生活 
#正能量 #舞台无处不在 
#健康 #看着你一天天长大 
#最新消息 #上海#出生#2021",该视频通过数据展示了2021年元旦在上海出生的新生儿数量，仅为27人，并回顾了1990年至2020年间的出生数据，强调了出生人数的显著下降。视频传递出对未来的思考和对孩子成长的关注，带有正能量的情感。
7042975772717436167,真,真,假,True,False,"1. 小模型判断的合理性分析：小模型判断当前视频为假，可能基于其训练数据中类似事件的处理方式。然而，双胞胎姐妹同日嫁给亲兄弟的事件在某些文化中并不罕见，因此小模型的判断可能未能充分考虑文化背景的多样性。

2. 视觉内容特征分析：视频展示了双胞胎姐妹和亲兄弟的婚礼场景，服饰相同且场面壮观，符合婚礼的典型特征。没有明显的伪造或不自然的元素，视觉内容看起来真实。

3. 与参考真新闻的相似性分析：参考...",,视频展示了河南郑州一对双胞胎姐妹同一天嫁给亲兄弟的婚礼，姐妹和兄弟们都穿着相同的服饰，场面壮观，吸引了众多网友的关注与羡慕。
7040780207178927372,假,真,假,False,True,"1. 小模型判断的合理性分析：小模型判断该视频为假，可能基于其训练数据中类似故事的虚构性。虽然小模型的准确率较高，但仍需结合其他信息进行综合判断。  
2. 视觉内容特征分析：视频中的复合帧展示了一对新人，背景和服装都符合婚礼的主题，且故事情节围绕着汶川地震的救援情感展开，具有一定的情感吸引力。  
3. 与参考真新闻的相似性分析：参考真新闻讲述了真实事件中的英雄行为，强调了人性光辉和社会责任感，...",,这个视频讲述了汶川地震中，一名19岁的男子救下了12岁的小女孩，女孩许诺长大后嫁给他。多年后，女孩实现了诺言，与男子相聚并发展出爱情，最终步入婚姻，得到了大家的祝福。
7023244925978397983,真,真,假,True,False,"1. 小模型判断的合理性分析：小模型判断当前视频为假，可能基于其在大规模数据集上的表现。然而，模型的判断并不一定准确，尤其在特定上下文中。  

2. 视觉内容特征分析：视频展示了白菜的价格，结合人道主义的主题，反映了经济困难时期的生活状况。视觉内容似乎与描述一致，且没有明显的虚假信息。  

3. 与参考真新闻的相似性分析：当前视频与真新闻的相似性在于都涉及人道主义和经济困境的主题，但当前视频更...",#山河无恙人间皆安 #国泰民安 #愿众生平安吉祥 ,视频通过展示白菜的价格和背景音乐，表达了对人道主义的呼唤，反映了经济困难时期人们的生活状况和希望。
3xsefhr4knp7zvm,假,真,假,False,True,1. 小模型判断的合理性分析：小模型判断当前视频为假，可能基于其在大规模数据集上的表现，但未必能准确判断特定事件的真实性。2. 视觉内容特征分析：视频展示了钟南山院士到达西安的场景，现场气氛热烈，众人热情欢迎，符合公众对钟南山院士的普遍尊重。3. 与参考真新闻的相似性分析：当前视频与参考真新闻在情感表达和公众反应上相似，均展示了公众对抗疫英雄的敬意。4. 与参考假新闻的相似性分析：当前视频与参考假...,欢迎钟南山院士来西安 #钟南山 #向钟南山院士致敬,该视频展示了钟南山院士到达西安的场景，现场气氛热烈，众人热情欢迎。视频中有工作人员和观众在门口鼓掌，表达对钟南山院士的敬意。视频通过不同的镜头展示了人们的反应和欢呼，强调了钟南山院士在公众心中的重要地位。
7055540654083935523,假,真,假,False,True,"1. 小模型判断的合理性分析：小模型判断当前视频为假新闻，可能基于其在大规模数据集上的表现。然而，模型的判断并不一定准确，尤其是在特定情境下。  
2. 视觉内容特征分析：视频展示了候鸟迁徙的场景，描述与视觉内容一致，且没有明显的伪造或剪辑痕迹。  
3. 与参考真新闻的相似性分析：当前视频的标题和描述与参考真新闻的主题相似，均涉及候鸟迁徙，且都在秦岭地区。  
4. 与参考假新闻的相似性分析：当...",千年鸟道,视频展示了秦岭地区千年鸟道上候鸟迁徙的壮观场景，伴随着自然美景的音频，展现了成群候鸟在空中飞翔的画面，给人以震撼的视觉体验。
7055213699849538831,假,真,假,False,True,在分析当前视频的内容时，我们可以从多个角度进行推理。首先，小模型的判断结果为假，虽然它在大规模数据集上表现良好，但我们需要进一步分析其合理性。其次，视频的主题围绕一位硕士毕业生在经济不景气下选择送外卖的故事，这与社会现实相符，反映了许多高学历人士面临的就业压力。与参考的真新闻相比，当前视频同样探讨了高学历与工作选择之间的矛盾，且强调了生活的残酷与务实态度。虽然与参考的假新闻在关键词上有重合，但当前...,"很多的事情值得深思
社会的残酷先要学会生存在想的生活好
但是真的要提升认知和思维不然学历高，依然只能不得不做不想做的事情。🙏",视频讲述了一位硕士毕业生在经济不景气的情况下，面临找工作的困难，最终选择送外卖来维持生计的故事。通过他的经历，反映了社会的残酷和对现实的无奈，同时也强调了提升认知和思维的重要性。
7028615037652618500,假,真,假,False,True,"1. 小模型判断的合理性分析：小模型判断当前视频为假新闻，可能是基于其在大规模数据集上的表现。由于该视频涉及2019年8月的黑龙江客机失事事件，而该事件在之前的假新闻中也有提及，模型可能认为这是重复的内容。  

2. 视觉内容特征分析：视频中的复合帧展示了事故现场的火灾、救援人员的行动以及幸存者的采访，这些内容与真实的事故报道相符。  

3. 与参考真新闻的相似性分析：当前视频的内容与2020...",,该视频报道了一起发生在2019年8月的黑龙江客机失事事件，涉及42名遇难者和54名幸存者。视频中展示了事故现场的紧急救援情况和幸存者的采访，传达了事故的严重性和对遇难者的哀悼。
7017695556092890376,假,未知,假,False,True,"1. 小模型判断的合理性分析：小模型判断当前视频为假新闻，可能基于其在大规模数据集上的表现。然而，模型的判断并不一定准确，尤其在面对具体事件时。  
2. 视觉内容特征分析：视频展示了一只巨大的沙贝，村民们对此表示惊奇。沙贝的大小和村民的反应可能是可信的，但需要进一步验证。  
3. 与参考真新闻的相似性分析：当前视频与真新闻的相似性较低，真新闻涉及犯罪事件，而当前视频则是关于自然现象。  
4....",,该视频展示了一名男子在海边发现了一只巨大的沙贝，重达百斤，令人惊叹。视频中，村民们对此表示惊奇，称从未见过如此大的沙贝，传达了对这一罕见现象的惊喜与好奇。
7030430491962527014,假,真,假,False,True,"1. 小模型判断的合理性分析：小模型判断当前视频为假新闻，但其依据可能不够充分。小模型的准确率高，但并不意味着每次判断都正确。  
2. 视觉内容特征分析：视频内容围绕燃气灶的安全使用，强调阀门操作和火焰调节，符合安全教育的主题。  
3. 与参考真新闻的相似性分析：当前视频与参考真新闻在内容上有相似之处，均涉及安全使用和潜在危险的警示。  
4. 与参考假新闻的相似性分析：当前视频与参考假新闻在...",#燃气灶 安全使用！👍,这个视频介绍了燃气灶的安全使用方法，强调在使用时应确保阀门的正确操作。视频中展示了如何调整火焰大小，并指出在调小火焰时应注意安全，避免漏气。最后，视频还拆解了燃气灶的开关结构，说明了安全使用的要点。
7050839413848296739,假,真,假,False,True,"1. 小模型判断的合理性分析：小模型判断当前视频为假新闻，可能是基于其在大规模数据集上的表现。然而，模型的判断并不一定准确，尤其是在艺术表演类内容上。  

2. 视觉内容特征分析：当前视频展示了祖孙之间的舞蹈表演，舞者们身着红色服装，伴随着动人的音乐，符合描述中提到的情感传达和舞蹈的美感。  

3. 与参考真新闻的相似性分析：参考真新闻涉及的是一个家庭庆祝的场景，虽然与当前视频的主题不同，但都...",,这个视频展示了一对祖孙通过优美的舞姿传达情感与故事。舞者们身着红色服装，伴随着动人的音乐，展现了他们之间深厚的情感联系。视频中穿插着对舞蹈的解读，强调了舞蹈的力量与美感，给观众带来了视觉与听觉的双重享受。
7035527261545598243,假,真,假,False,True,"1. 小模型判断的合理性分析：小模型判断当前视频为假新闻，可能基于其在大规模数据集上的表现。然而，模型的判断并不一定准确，尤其是在特定领域的内容上。  

2. 视觉内容特征分析：当前视频展示了虾线的放大图像，并通过显微镜观察虾线，揭示了寄生物和虫卵的存在。这与视频的标题和描述一致，强调了去除虾线的重要性。  

3. 与参考真新闻的相似性分析：参考真新闻提到小龙虾中毒事件，强调了食用海鲜的安全性...","喜欢吃虾的朋友，虾线的里有寄生虫，为了您的身体健康，一定要把虾线挑出来！
#去虾线",该视频主要讲述了虾线中可能存在寄生虫的健康隐患，并展示了如何安全地去除虾线。视频中使用了显微镜观察虾线，揭示了其中的寄生物和虫卵，强调了去除虾线的重要性，以确保食用虾的安全。
7055512816345795874,真,真,假,True,False,1. 小模型判断的合理性分析：小模型判断该视频为假新闻，可能基于其在大规模数据集上的表现和对类似内容的识别能力。2. 视觉内容特征分析：视频展示了一位居民利用大闸蟹吊起衣物的场景，这种行为虽然奇特，但在特定文化背景下可能被视为幽默或创意。3. 与参考真新闻的相似性分析：当前视频与真新闻的相似性较低，真新闻涉及的是火灾事件，且有明确的社会影响和后果，而当前视频则是个人生活中的幽默创意。4. 与参考假...,蟹蟹！杭州居民吊着大闸蟹捡衣服#动物 #神奇动物在抖音 #奇葩 #意不意外 #孩子成长 ,视频展示了一位杭州市民在居家隔离期间，利用大闸蟹吊起掉落的衣物，展现了独特的生活创意和幽默感。
7017344287406886181,假,真,假,False,True,"综合考虑小模型的判断、视频内容、参考新闻等信息，得出以下分析：

1. **小模型判断的合理性分析**：小模型判断当前视频为假新闻，基于其在大规模数据集上的表现，具有一定的参考价值。然而，单一模型的判断不能完全决定视频的真实性。

2. **视觉内容特征分析**：视频展示了珠海白藤头地区因降雨而被淹没的场景，画面中有被水淹没的街道和建筑物，符合洪水的特征。视频的情感表达与画面内容相符，传达出对洪水...",一夜之间，珠海变成了一座水城。,该视频展示了珠海白藤头地区在短时间内因降雨而变成水城的情景。视频通过连续的画面展示了被淹没的街道和房屋，反映了洪水带来的影响。同时，配乐表达了一种对往昔的怀念和无奈。
7053657591594962210,真,真,假,True,False,1. 小模型判断的合理性分析：小模型判断当前视频为假，基于其在大规模数据集上的表现，可能是因为该视频内容与已知的假新闻相似，且存在包装内容与预期不符的情况。2. 视觉内容特征分析：视频展示了消费者打开包装的过程，逐步揭示内部内容，符合消费者对产品质量的期待与实际情况不符的情境。3. 与参考真新闻的相似性分析：当前视频与2019年真新闻的描述相似，均涉及八宝粥包装内含泡沫，且都引发了对商家诚信的质疑...,现在的包装啥玩意呀，今天买一箱八宝粥打开看看这是装八宝粥还是装泡沫,视频展示了一名消费者打开一箱八宝粥，发现里面装的是泡沫而非实际的八宝粥，表达了对这种包装的困惑和不满。
7027494216439811364,假,真,假,False,True,"1. 小模型判断的合理性分析：小模型判断当前视频为假新闻，可能基于其训练数据中对燃气灶安全使用的相关信息的分析。虽然小模型的准确率较高，但在特定领域的判断可能存在误差。  

2. 视觉内容特征分析：视频内容主要围绕燃气灶的使用方法，强调了正确的调节火力方式，且展示了阀芯的结构及其功能。这些内容在视觉上是合理的，且与安全使用燃气灶的主题一致。  

3. 与参考真新闻的相似性分析：参考真新闻涉及安...",,视频讲解了燃气灶的开关使用方法，强调了正确的调节火力方式。视频中指出，顺时针调节火力会导致安全隐患，正确的方法是逆时针调节，确保外圈火焰关闭，从而避免漏气。还展示了燃气灶阀芯的结构及其功能，帮助观众理解安全使用燃气灶的重要性。
7028190137171430692,假,真,假,False,True,"1. 小模型判断的合理性分析：小模型判断该视频为假新闻，可能是基于其对内容的分析和对相关数据的学习。然而，模型的判断并不总是准确，尤其是在涉及具体操作和安全提示的情况下。  

2. 视觉内容特征分析：视频通过多个复合帧展示了燃气灶的使用方法，强调了正确调节火力的重要性。每个复合帧都清晰地展示了操作步骤，且内容具有教育性质，旨在提高观众的安全意识。  

3. 与参考真新闻的相似性分析：当前视频与...","沈阳大爆炸#炸出了科普#爆炸原因是因为向右拧动阀门，以用小火 ，造成外圈漏气，引起爆炸。请一定要向左拧小火，才是安全的#
    这个科普特别重要，以前只知道逆时针拧到底火不会灭，现在知道这样是安全的#",该视频通过演示燃气灶的使用方法，强调了正确调节火力的重要性。视频指出，顺时针旋转阀门会导致外圈漏气，从而引发爆炸，正确的做法是逆时针旋转阀门以安全地调节火力。通过详细的讲解和示范，视频旨在提高观众的安全意识。
7051927357380168960,假,真,假,False,True,在分析当前视频内容时，首先考虑小模型的判断结果为假，且其在大规模数据集上表现良好，具有一定的参考价值。其次，视频标题和描述提到电动车考驾照的相关内容，强调了电动车在城市交通中的重要性和安全性，这与社会对电动车管理的关注相符。视觉内容展示了电动车考试的场景，符合视频的主题。与最相似的真新闻相比，当前视频的内容更侧重于电动车考驾照的具体流程和费用，而不是法律解释，因此在内容上存在一定差异。与最相似的假...,真不敢相信，电动车也能考驾驶证 #电动车考驾照 #文明骑行 #2022做个新选择 ,视频讨论了电动车考驾驶证的相关内容，强调了电动车在城市交通中的重要性和安全性。随着电动车数量的增加，相关部门推出了电动车驾驶证，以规范骑行行为，减少交通事故。视频还介绍了考证的费用和考试内容。
7053628147362942223,假,真,假,False,True,在分析当前视频时，我们首先考虑小模型的判断结果为假，这一判断基于其在大规模数据集上的表现，具有一定的参考价值。然而，单凭小模型的判断并不足以推翻或确认视频的真实性。接下来，我们分析视频内容：视频展示了一名男子在街头疑似狂犬病发作的情景，周围人表现出惊慌并试图进行干预，这种紧急情况与狂犬病的特征相符。与参考的真新闻相比，当前视频的情节也涉及到公共场所的紧急事件，且有围观者的反应，显示出一定的真实性。...,和 @知心大叔说（正能量） 一起 #合拍 狂犬病发作多可怕,视频展示了一名男子在凯里街头疑似狂犬病发作的情景。视频中，周围的人对他的状况感到惊恐，并试图进行干预。音频中反复传递着紧迫感，强调了狂犬病的危险性，提醒观众关注这一疾病的严重性。
7047060920429792524,真,假,真,False,True,"1. 小模型判断的合理性分析：小模型判断当前视频为真，基于其在大规模数据集上的表现，可能具有一定的参考价值，但不能完全依赖。  
2. 视觉内容特征分析：当前视频的复合帧显示了一个人在讨论何韵诗被捕的事件，内容涉及对她的指责和背景分析，整体呈现出一种强烈的情绪倾向。  
3. 与参考真新闻的相似性分析：当前视频与参考真新闻在结构上相似，都是从事件开始，逐渐深入讨论背景和后果，但当前视频的情绪更为激...","大快人心！何韵诗被抓#港警国安处拘捕何韵诗等6人
",视频讨论了何韵诗被香港警方拘捕的事件，指责她作为港独分子和汉奸，提及她在国际场合上的言论和活动，认为她的行为出卖了国家。
7019229281704250662,真,真,假,True,False,"1. 小模型判断的合理性分析：小模型判断当前视频为假新闻，但其准确性虽然较高，但并不绝对，需结合其他信息进行综合分析。  
2. 视觉内容特征分析：视频展示了隧道贯通的庆祝活动，工人们举旗欢庆，整体氛围积极向上，符合隧道贯通的庆祝场景。  
3. 与参考真新闻的相似性分析：当前视频与最相似的真新闻在关键词、主题（贵南高铁建设进展）和庆祝活动上高度一致，且时间上也相近。  
4. 与参考假新闻的相似...",贵南高铁（荔波段）九万大山一号隧道泄水洞（4685米）顺利贯通！一号隧道长17012米，是全线最长隧道，涌水多，施工难度最大！,该视频记录了贵南高铁荔波段九万大山一号隧道的贯通仪式，展示了施工团队的庆祝活动和隧道的施工环境，标志着一个重要的施工节点的完成。
7020227558654479650,假,真,假,False,True,"1. 小模型判断的合理性分析：小模型判断当前视频为假新闻，可能基于其在大规模数据集上的表现。然而，模型的判断并不一定准确，尤其是在特定事件的背景下。  
2. 视觉内容特征分析：视频展示了小石块从天而降，造成环境混乱，这与描述中的石头雨现象相符。视觉内容似乎真实，且与自然灾害的特征一致。  
3. 与参考真新闻的相似性分析：当前视频与参考真新闻在描述自然灾害的不可预测性和对环境的影响方面有相似之处...","#极端天气  意大利羅馬周三，下起了從來沒見過，也沒聽說過的石頭雨。這回意大利下的石頭雨就讓人見識了大自然的不可預測，不可控制，不可防範的天災，也再次見識了極端天氣之恐怖！
石头雨是殞石高速隋下導致爆炸所形成的小石。所以说保护大自然、保护环境就等于保护人类！@DOU+小助手 @抖音小助手 ",该视频展示了意大利罗马罕见的石头雨现象，记录了大自然的极端天气。视频中可以看到小石块从天而降，造成周围环境的混乱，提醒人们关注自然灾害的不可预测性和对环境的保护。
7050820590671842572,假,真,假,False,True,在分析当前视频时，首先考虑小模型的判断结果为假，这一判断基于其在大规模数据集上的表现。然而，当前视频的内容与小模型的判断并不完全一致。视频展示了一对祖孙通过舞蹈表达情感，舞姿绚丽多彩，符合标题和描述中的关键词。其次，视觉内容特征显示出舞者们的动作流畅且富有表现力，观众反应热烈，这与描述中的情感表达相符。与参考的真新闻相比，当前视频在情感表达和观众反应上有相似之处，但与参考的假新闻在内容和情感表达上...,"婆孙共舞
美伦美奐",视频展示了一对祖孙通过舞蹈表达情感与默契，舞姿绚丽多彩，展现了生命的活力与美好。伴随着动人的音乐，舞者们在舞台上尽情展现他们的才华，给观众带来了视觉和听觉的双重享受。
7055611209025850662,假,真,假,False,True,1. 小模型判断的合理性分析：小模型判断当前视频为假新闻，可能基于其在大规模数据集上的表现，认为该视频内容与已知的假新闻相似。2. 视觉内容特征分析：复合帧中展示了电动车考驾照的场景，涉及费用和民众反应，符合视频描述。3. 与参考真新闻的相似性分析：当前视频与真新闻在情感表达上有所不同，真新闻强调个人情感，而当前视频更侧重于政策讨论。4. 与参考假新闻的相似性分析：当前视频的关键词和主题与假新闻高...,,该视频讨论了电动车考驾照的新规，指出这一政策给普通家庭带来的困扰和经济负担。视频中提到，电动车的驾考费用高达335元，许多车主对此表示不满，认为这增加了骑行的门槛。视频还介绍了电动车的分类及相关考试内容，强调了新规实施后对电动车使用的影响。
7034629754259098916,真,真,假,True,False,"1. 小模型判断的合理性分析：小模型判断当前视频为假新闻，可能基于其在大规模数据集上的表现和对类似事件的识别能力。虽然小模型的准确率较高，但仍需结合其他信息进行综合判断。  
2. 视觉内容特征分析：视频包含多个关键帧，展示了飞行表演的紧张时刻和事故的瞬间，符合飞行表演事故的特征。  
3. 与参考真新闻的相似性分析：当前视频与2020年巴基斯坦F-16战机坠毁事件的时间演变相似，均展示了表演前的...",意大利三色剑飞行表演队事故,该视频讲述了意大利三色剑飞行表演队在2021年11月26日俄罗斯航空展上发生的事故，展示了飞行表演的紧张时刻和事故的瞬间，突显了飞行表演的风险与悲剧。视频中包含多个帧图像，记录了事故的演变过程。
7048915245552782607,假,真,假,False,True,在分析当前视频时，我们首先考虑小模型的判断结果为假。小模型的准确率较高，且在大规模数据集上表现良好，因此其判断具有一定的参考价值。然而，我们需要进一步分析视频内容和相关信息。视频描述中提到市民利用骡马运输物资到一线，符合疫情期间人们互助的情景，这与参考的真新闻相似，展现了人间的温暖与互助精神。视觉内容特征上，视频展示了骡马运输物资的过程，符合描述的情境。与参考的假新闻相比，当前视频没有明显的情感操...,骡子运物资到一线#感动瞬间 #暖心正能量 #社会正能量 #热点 #人间温暖 #热搜热搜我要上热搜 #好人好事 #为祖国点赞 #正能量 #上热门破1000万粉丝 ,视频展示了一位市民利用骡马运输物资到一线的感人场景。在疫情期间，由于交通限制，市民们通过传统方式将生活必需品送到社区，展现了人间的温暖与互助精神。视频中记录了骡马运输的过程，以及参与者的努力与奉献。
3xyekg2aa2sfxq4,假,真,假,False,True,"1. 小模型判断的合理性分析：小模型判断当前视频为假新闻，可能是基于其在大规模数据集上的表现。然而，模型的判断并不一定准确，尤其是在复杂的社会现象上。  

2. 视觉内容特征分析：视频展示了许多人挂在火车外的场景，符合描述中提到的乘客为了节省车费而采取的极端方式。这种现象在印度的确存在，且视频中的画面与描述一致。  

3. 与参考真新闻的相似性分析：当前视频与参考真新闻在内容上有一定的相似性，...",#奇闻趣事 #奇闻异事 #印度 印度火车外挂人 原创不易且行且珍惜,视频展示了印度火车上人们的独特乘车方式，许多人为了节省车费，选择爬上火车顶或挂在车厢外。视频中描述了不同车厢的环境差异，强调了乘客在拥挤和危险的情况下如何争取最佳位置，以及这种现象在印度的普遍性。
7032287848623639840,假,假,真,True,False,在分析当前视频内容时，首先考虑小模型的判断结果为真，且其在大规模数据集上的表现良好，具有一定的参考价值。然而，当前视频的标题和描述涉及马航370航班失踪事件，且提到的豪车停放时间和费用引发了对失踪者的情感共鸣。其次，视觉内容展示了两辆豪车的状态，车身上有明显的灰尘和涂鸦，符合长时间停放的特征。与参考的真新闻相比，当前视频在情感表达和对失踪事件的关注上有相似之处，但缺乏具体的事件背景和权威来源支持。...,北京首都国际机场马航370乘客停6年，收费9万！首都机场保安：人回来车开走，不要钱！#空难 ,视频讲述了在北京首都国际机场停放的两辆豪车，因马航370航班失踪事件而被提及。视频中提到这两辆车停放了6年，费用高达9万元，但机场保安表示车主回来后无需支付费用。视频通过展示车身的灰尘和涂鸦，表达了对失踪事件的关注和思考。
3xnw86kuddjgs2m,假,真,假,False,True,"1. 小模型判断的合理性分析：小模型判断该视频为假新闻，可能基于其在大规模数据集上的表现，但未必考虑到具体内容的幽默性和创意性。  
2. 视觉内容特征分析：视频展示了居民利用大闸蟹的幽默场景，整体呈现轻松搞笑的氛围，符合疫情期间人们的创意应对方式。  
3. 与参考真新闻的相似性分析：当前视频与真新闻的相似性较低，真新闻涉及的是严重的火灾事件，而当前视频则是轻松幽默的生活场景。  
4. 与参考...",蟹蟹！杭州居民吊着大闸蟹捡衣服,这个视频展示了一位杭州居民在居家隔离期间，利用绳索将大闸蟹悬挂在窗外，以便于捡起被风吹落的衣服。视频通过幽默的方式呈现了这一独特的生活场景，展现了居民在特殊时期的创意和应对方式。
7057110614602288425,假,真,假,False,True,在分析当前视频时，我们首先考虑小模型的判断结果为假，且其在大规模数据集上的表现良好，准确率较高，这为判断提供了初步依据。然而，必须深入分析视频内容及其与参考新闻的相似性。当前视频展示了一位杭州市民在居家隔离期间利用机械装置取下悬挂在阳台上的衣物，整个过程展现了居民的创造力和应对困难的方式。与参考的真新闻相比，当前视频的情境和居民的应对方式有一定的相似性，且没有明显的夸张或不合逻辑的元素。相对而言，...,#办法总比困难多 ,这个视频展示了一位杭州市民在居家隔离期间，利用机械装置将悬挂在阳台上的衣物成功取下。视频通过多个镜头展示了整个过程，展现了居民在特殊时期的创造力和应对困难的方式。
7028207119946059040,假,真,假,False,True,"1. 小模型判断的合理性分析：小模型判断当前视频为假新闻，可能基于其对内容的分析和与其他数据的对比。虽然小模型的准确率较高，但仍需结合其他信息进行综合判断。  

2. 视觉内容特征分析：视频展示了人们接收捐赠的蔬菜，但随后这些蔬菜被随意丢弃，围观者对此表示不满。这种行为引发了社会对爱心捐赠态度的讨论，符合社会热点话题。  

3. 与参考真新闻的相似性分析：参考真新闻展示了村民捐赠蔬菜的积极行为...","你们剥的不是菜，是爱心人士的心
#热点 #新闻 #你怎么看 #社会百态 #奇葩",该视频展示了一群人正在处理一批捐赠的蔬菜，但这些蔬菜却被随意丢弃，引发了围观者的讨论和不满。视频通过不同的场景展示了人们对这一行为的反应，强调了对捐赠物品的不尊重以及社会对待爱心行为的态度。
7017739552920014116,假,真,假,False,True,1. 小模型判断的合理性分析：小模型判断当前视频为假新闻，可能基于其在大规模数据集上的表现，认为该视频的内容与常见的假新闻特征相符。2. 视觉内容特征分析：视频中男子在水中吃饭的场景确实引人注目，但这种情况在某些地区可能是常见的，尤其是在经历洪水的地方。3. 与参考真新闻的相似性分析：参考真新闻中，男子在洪水中痛哭，表现出悲伤和无助，与当前视频中男子的淡定态度形成鲜明对比，说明两者情感表达截然不同...,积水漫延家中，男子淡定吃饭走红网络#家中被大水浸泡大哥仍淡定 ,视频展示了一名广东中山的男子在家中被淹水的情况下，依然淡定地坐着吃饭。尽管水位已经达到他的脚踝，他却毫不在意，继续享用自己的饭菜。男子表示，经历过多次这样的情况，他已经习惯了，并认为该吃的还是要吃。
7017433906135698724,假,真,假,False,True,1. 小模型判断的合理性分析：小模型判断当前视频为假新闻，但其判断依据可能基于特定的算法和数据集，未必能全面反映视频的真实性。2. 视觉内容特征分析：视频展示了珠海白藤头地区因暴雨而形成的严重积水情况，画面中街道被淹没，车辆在水中行驶，符合自然灾害的特征。3. 与参考真新闻的相似性分析：当前视频与2020年镇江的水灾视频在内容上有相似之处，均展示了因暴雨造成的严重积水情况，且时间演变上也有相似之处...,珠海变水城了,该视频展示了珠海白藤头地区因暴雨而形成的积水情况，画面中可以看到街道被淹没，车辆在水中行驶，周围的植物和建筑物也被水淹没，呈现出一幅“水城”的景象。视频通过多个角度展示了不同位置的积水深度及影响。
7024788820474318094,真,假,真,False,True,在分析当前视频的信息时，我们可以从多个角度进行推理。首先，小模型的判断结果为真，表明其在大规模数据集上的表现良好，具有一定的参考价值。然而，单凭小模型的判断并不足以得出最终结论。其次，视频的标题和描述强调了老挝水电站大坝的建设过程及其安全性，且提到中国在项目中的贡献，这与2018年老挝水电站大坝崩塌事件的真新闻形成鲜明对比。真新闻中提到的崩塌事件造成了严重的人员伤亡和财产损失，而当前视频却强调了项...,老挝耗资百亿建造的水坝崩塌，却拒绝中国方案，中国出手赚大了,视频讲述了老挝建设水电站大坝的过程，强调了大坝在洪水期间的安全性，以及中国在项目中的设计和建设贡献，最终实现了双赢的局面。
7035936383457824041,假,真,假,False,True,"1. 小模型判断的合理性分析：小模型判断当前视频为假新闻，可能基于其在大规模数据集上的表现。然而，模型的判断并不一定准确，尤其在科学内容的解读上。  
2. 视觉内容特征分析：视频展示了虾线的清理过程及显微镜下的观察，内容较为详细，且强调了虾线的消化系统及其可能的寄生物，符合科普视频的特征。  
3. 与参考真新闻的相似性分析：参考真新闻涉及小龙虾的食用安全，强调了寄生虫的风险，当前视频也提到虾线...",虾线里边都有什么？大虾蛋白质含量很高，适合正在发育的儿童吃，注意清理虾线。#科普#大虾,视频探讨了虾线的内容，首先展示了虾线的清理过程，并提出了关于虾线是否是寄生虫的问题。随后通过显微镜观察虾线内部的微生物和虫卵，最后展示了放大后的细节，强调了虾线的消化系统及其可能的寄生物。整体内容旨在科普虾线的相关知识，提醒观众注意清理。
7039905905583918340,真,真,假,True,False,"综合考虑小模型的判断、视频内容、参考新闻等信息，以下是详细分析：

1. **小模型判断的合理性分析**：小模型判断当前视频为假新闻，但没有提供具体的理由。虽然小模型在大规模数据集上表现良好，但其判断并不一定准确。

2. **视觉内容特征分析**：视频展示了双胞胎姐妹与亲兄弟同时举行婚礼的场景，画面中有明显的婚礼元素，如婚纱、红地毯、鲜花等，符合婚礼的典型特征，且场景看起来真实且喜庆。

3. ...",12月9日 河南郑州 双胞胎姐妹同时嫁给亲兄弟俩 同一天结婚 网友：都是缘分@抖音小助手 ,视频展示了在2021年12月9日，河南郑州的双胞胎姐妹与亲兄弟同时举行婚礼的场景，展现了这一特殊的缘分和喜庆氛围。
3xzrpewykxkhw9g,真,真,假,True,False,"1. 小模型判断的合理性分析：小模型判断当前视频为假新闻，可能基于其训练数据中对类似内容的识别能力。然而，模型的判断并不总是准确，需结合其他信息进行综合分析。

2. 视觉内容特征分析：视频展示了一只鸟的特写，且有明确的时间和地点标注，显示出其被送至保护站进行鉴定的过程。这种详细的展示通常与真实新闻相符。

3. 与参考真新闻的相似性分析：当前视频与参考真新闻在内容上有相似之处，均涉及到稀有动物的...",湖北一地惊现世界上最神秘的鸟 #湖北一地惊现世界上最神秘的鸟,视频讲述了在湖北丹江口市发现了一只极为罕见的鸟类——海南虎斑斩。该鸟被送至保护站进行鉴定，并被认定为国家一级保护动物，全球野生个体极少，因此被称为世界上最神秘的鸟。视频展示了这一发现的过程及其重要性。
7032965221509582092,假,真,假,False,True,"1. 小模型判断的合理性分析：小模型判断当前视频为假新闻，可能基于其对气候变化和寒潮影响的分析结果。虽然小模型的准确率较高，但其判断并不一定绝对可靠。  

2. 视觉内容特征分析：视频展示了寒冷天气的景象和拉尼娜现象的影响，内容与气候变化相关，符合科学讨论的主题。  

3. 与参考真新闻的相似性分析：当前视频与参考真新闻在讨论气候现象和科学分析方面有相似之处，均涉及气象条件和其影响。  

4...",地球迎来60年最冷冬天，气候出现异常，是否会重现冰河世纪？,该视频讨论了地球即将迎来60年来最冷的冬天，并分析了气候异常现象，特别是拉尼娜现象对寒潮的影响。视频提到寒冷天气对蔬菜价格的影响以及历史上类似气候事件的回顾，探讨了未来可能重现冰河世纪的可能性。
